trp_multiplayer_profile_troop_male|многопользовательский профиль войск мужчина
trp_multiplayer_profile_troop_male_pl|многопользовательский профиль войск мужчин
trp_multiplayer_profile_troop_female|многопользовательский профиль войск женщина
trp_multiplayer_profile_troop_female_pl|многопользовательский профиль войск женщин
trp_temp_troop|Временное войско
trp_temp_troop_pl|Временных войск
trp_find_item_cheat|чит поиска предмета
trp_find_item_cheat_pl|чит погода
trp_random_town_sequence|Случайное событие в городе
trp_random_town_sequence_pl|Случайные события в городе
trp_tournament_participants|Участник турнира
trp_tournament_participants_pl|Участники турнира
trp_tutorial_maceman|Боец с булавой
trp_tutorial_maceman_pl|Бойцов с булавой
trp_tutorial_archer|Лучник
trp_tutorial_archer_pl|Лучников
trp_tutorial_swordsman|Мечник
trp_tutorial_swordsman_pl|Мечников
trp_novice_fighter|Новобранец
trp_novice_fighter_pl|Новобранцев
trp_regular_fighter|Регулярный воин
trp_regular_fighter_pl|Регулярных воинов
trp_veteran_fighter|Ветеран
trp_veteran_fighter_pl|Ветеранов
trp_champion_fighter|Чемпион
trp_champion_fighter_pl|Чемпионов
trp_arena_training_fighter_1|Новобранец
trp_arena_training_fighter_1_pl|Новобранцев
trp_arena_training_fighter_2|Нетренированный боец
trp_arena_training_fighter_2_pl|Нетренированных бойцов
trp_arena_training_fighter_3|Тренированный боец
trp_arena_training_fighter_3_pl|Тренированных бойцов
trp_arena_training_fighter_4|Регулярный боец
trp_arena_training_fighter_4_pl|Регулярных бойцов
trp_arena_training_fighter_5|Опытный боец
trp_arena_training_fighter_5_pl|Опытных бойцов
trp_arena_training_fighter_6|Ветеран
trp_arena_training_fighter_6_pl|Ветеранов
trp_arena_training_fighter_7|Наемный боец
trp_arena_training_fighter_7_pl|Наемных бойцов
trp_arena_training_fighter_8|Боец арены
trp_arena_training_fighter_8_pl|Бойцов арены
trp_arena_training_fighter_9|Знаменитый боец
trp_arena_training_fighter_9_pl|Знаменитых бойцов
trp_arena_training_fighter_10|Чемпион
trp_arena_training_fighter_10_pl|Чемпионов
trp_cattle|Скот
trp_cattle_pl|Скот
trp_farmer|Крестьянин
trp_farmer_pl|Крестьян
trp_cantaber_iuventus|Кантабрийский боец
trp_cantaber_iuventus_pl|Кантабрийских бойцов
trp_asturias_veteran|Астурианский ветеран
trp_asturias_veteran_pl|Астурианских ветеранов
trp_gallaecia_warrior|Галлецианский воин
trp_gallaecia_warrior_pl|Галлецианских воинов
trp_townsman|Горожанин
trp_townsman_pl|Горожан
trp_watchman|Стражник
trp_watchman_pl|Стражников
trp_mercenary_cavalry|Франкский всадник
trp_mercenary_cavalry_pl|Франкских всадников
trp_caravan_guard|Копейщик
trp_caravan_guard_pl|Копейщиков
trp_mercenary_swordsman|Наемник ветеран
trp_mercenary_swordsman_pl|Наемников ветеранов
trp_regular_sailors|Моряк
trp_regular_sailors_pl|Моряков
trp_mercenary_horseman|Аквитанский застрельщик
trp_mercenary_horseman_pl|Аквитанских застрельщиков
trp_mercenary_leader|Старый капитан
trp_mercenary_leader_pl|Старых капитанов
trp_hired_blade|Свейский воин
trp_hired_blade_pl|Свейских воинов
trp_mercenary_crossbowman|Финнский лучник
trp_mercenary_crossbowman_pl|Финнских лучников
trp_mercenaries_end|Селянин
trp_mercenaries_end_pl|Селян
trp_norse_slave|Вольник Норманн (Лейсинг)
trp_norse_slave_pl|Вольников Норманнов (Лейсингов)
trp_norse_bowman|Лучник Норманн (Гестро)
trp_norse_bowman_pl|Лучников Норманнов (Гестров)
trp_norse_elitearcher|Элит. лучник Норманн (Хольдар)
trp_norse_elitearcher_pl|Элит. лучников Норманнов (Хольдаров)
trp_norse_level0_landed|Фригольдер Норманн (Бонд)
trp_norse_level0_landed_pl|Фригольдеров Норманнов (Бондов)
trp_norse_level1_landed|Копейщик Норманн (Дренг)
trp_norse_level1_landed_pl|Копейщиков Норманнов (Дренгов)
trp_norse_level2_landed|Элит. копейщик Норманн (Тэн)
trp_norse_level2_landed_pl|Элит. копейщиков Норманнов (Тэнов)
trp_norse_level3_landed|Херсир Норманн
trp_norse_level3_landed_pl|Херсиров Норманн
trp_norse_level0_companion|Хирдман Норманн
trp_norse_level0_companion_pl|Хирдман Норманнов
trp_norse_level1_companion|Могучий воин (Реккр)
trp_norse_level1_companion_pl|Могучих воинов (Реккров)
trp_norse_level2_companion|Хускарл Норманн
trp_norse_level2_companion_pl|Хускарлов Норманнов
trp_norse_standard_bearer|Знаменосец Норманн
trp_norse_standard_bearer_pl|Знаменосцев Норманнов
trp_norse_priest|Готи
trp_norse_priest_pl|Готиев
trp_briton_slave|Невольник Бритт (Аллт)
trp_briton_slave_pl|Невольников Бриттов (Аллтов)
trp_briton_level0_landed|Вольник Бритт (Бонеддур)
trp_briton_level0_landed_pl|Вольников Бриттов (Бонеддуров)
trp_briton_level1_landed|Копейщик Бритт (Педит)
trp_briton_level1_landed_pl|Копейщиков Бриттов (Педитов)
trp_briton_level2_landed|Элит. копейщик Бритт (Гурда)
trp_briton_level2_landed_pl|Элит. копейщиков Бриттов (Гурдов)
trp_briton_level3_landed|Знатный Бритт (Учелур)
trp_briton_level3_landed_pl|Знатных Бриттов (Учелуров)
trp_briton_level0_companion|Воин Бритт(Кадур)
trp_briton_level0_companion_pl|Воинов Бриттов (Кадуров)
trp_briton_level1_companion|Фаворит Бритт (Кампьпюр)
trp_briton_level1_companion_pl|Фаворитов Бриттов (Кампьпюров)
trp_briton_level2_companion|Элит. страж Бритт (Теулу)
trp_briton_level2_companion_pl|Элит. стражников Бритт (Теулу)
trp_briton_bowman|Застрельщик Бритт (Бвейдд)
trp_briton_bowman_pl|Застрельщиков Бриттов (Бвейдд)
trp_briton_marksman|Элит. застрельщик Бритт (Сэтидд)
trp_briton_marksman_pl|Элит. застрельщиков Бриттов (Сэтидд)
trp_briton_horseman|Всадник Бритт (Мархок)
trp_briton_horseman_pl|Всадников Бриттов (Мархок)
trp_briton_standard_bearer|Знаменосец Бритт
trp_briton_standard_bearer_pl|Знаменосцев Бриттов
trp_briton_priest|Священник Бритт
trp_briton_priest_pl|Священников Бриттов
trp_saxon_slave|Крестьянин Сакс (Гебур)
trp_saxon_slave_pl|Крестьян Саксов (Гебур)
trp_saxon_bowman|Лучник Сакс (Шотанд)
trp_saxon_bowman_pl|Лучников Саксов (Шотандов)
trp_saxon_level0_landed|Фригольдер Сакс (Котсетла)
trp_saxon_level0_landed_pl|Фригольдеров Саксов (Котсетла)
trp_saxon_level1_landed|Копейщик Сакс (Кнайхт)
trp_saxon_level1_landed_pl|Копейщиков Саксов (Кнайхтов)
trp_saxon_level2_landed|Воин Сакс (Кемпа)
trp_saxon_level2_landed_pl|Воинов Саксов (Кемпай)
trp_saxon_level3_landed|Знатный Сакс (Tэн)
trp_saxon_level3_landed_pl|Знатных Саксов (Тэнов)
trp_saxon_level0_companion|Керл Сакс (Генит)
trp_saxon_level0_companion_pl|Керл Сакс (Генитов)
trp_saxon_level1_companion|Дружинник Сакс (Гезит)
trp_saxon_level1_companion_pl|Дружинников Саксов (Гезитов)
trp_saxon_level2_companion|Эл. дружинник Сакс (Гёдрихт)
trp_saxon_level2_companion_pl|Эл. дружинников Саксов (Гёдрихтов)
trp_saxon_horseman|Всадник Сакс (Ридда)
trp_saxon_horseman_pl|Всадников Саксов (Риддов)
trp_saxon_standard_bearer|Знаменосец Сакс
trp_saxon_standard_bearer_pl|Знаменосцев Саксов
trp_saxon_priest|Священник Сакс
trp_saxon_priest_pl|Священников Саксов
trp_scotch_peasant|Крестьянин Пикт (Бахлэх)
trp_scotch_peasant_pl|Крестьян Пиктов (Бахлэхов)
trp_scotch_bowman|Застрельщик Пикт (Фуидир)
trp_scotch_bowman_pl|Застрельщиков Пиктов (Фуидиров)
trp_scotch_level0_skirmisher|Ветеран застрельщик Пикт (Сайгтёр)
trp_scotch_level0_skirmisher_pl|Ветеранов застрельщиков Пиктов (Сайгтёров)
trp_scotch_level1_skirmisher|Элит. застрельщик Пикт (Круитен)
trp_scotch_level1_skirmisher_pl|Элит. застрельщиков Пиктов (Круитней)
trp_scotch_horseman|Всадник Пикт (Мархок)
trp_scotch_horseman_pl|Всадников Пиктов (Мархоки)
trp_scotch_level0_landed|Крестьянин Пикт (Бахлэх)
trp_scotch_level0_landed_pl|Крестьян Пиктов (Бахлэхов)
trp_scotch_level1_landed|Копейщик Пикт (Окхингер)
trp_scotch_level1_landed_pl|Копейщиков Пиктов (Отхигенов)
trp_scotch_level2_landed|Воин Пикт (Гэйтленнэх)
trp_scotch_level2_landed_pl|Воинов Пиктов (Гэйтленнэхов)
trp_scotch_level0_companion|Топорщик Пикт (Крэшер)
trp_scotch_level0_companion_pl|Топорщиков Пиктов (Крэшеров)
trp_scotch_level1_companion|Ветеран Пикт (Эрсейд)
trp_scotch_level1_companion_pl|Ветеранов Пиктов (Эрсейдов)
trp_scotch_level2_companion|Могучий воин Пикт (Гейседах)
trp_scotch_level2_companion_pl|Могучих воинов Пиктов (Гейседахов)
trp_scotch_knight|Знатный Пикт (Тойсех)
trp_scotch_knight_pl|Знатных Пиктов (Тойсехов)
trp_scotch_standard_bearer|Знаменосец Пикт
trp_scotch_standard_bearer_pl|Знаменосцев Пиктов
trp_scotch_musician|Горнист Пикт
trp_scotch_musician_pl|Горнистов Пиктов
trp_scotch_priest|Священник Пикт
trp_scotch_priest_pl|Священников Пиктов
trp_angle_slave|Крестьянин Англ (Гебур)
trp_angle_slave_pl|Крестьян Англов (Гебуров)
trp_angle_bowman|Лучник Англ (Шотанд)
trp_angle_bowman_pl|Лучников Англов (Шотандов)
trp_angle_level0_landed|Фригольдер Англ (Котсетла)
trp_angle_level0_landed_pl|Фригольдеров Англов (Котсетлов)
trp_angle_level1_landed|Копейщик Англ (Кнайхт)
trp_angle_level1_landed_pl|Копейщиков Англов (Кнайхтов)
trp_angle_level2_landed|Воин Англ (Кемпа)
trp_angle_level2_landed_pl|Воинов Англов (Кемпай)
trp_angle_level3_landed|Знатный Англ (Тэн)
trp_angle_level3_landed_pl|Знатных Англов (Тэнов)
trp_angle_level0_companion|Керл Англ (Генит)
trp_angle_level0_companion_pl|Керлов Англов (Генитов)
trp_angle_level1_companion|Ветеран Англ (Гезит)
trp_angle_level1_companion_pl|Ветеранов Англов (Гезитов)
trp_angle_level2_companion|Элит. воин Англ (Гёдрихт)
trp_angle_level2_companion_pl|Элит. воинов Англов (Гёдрихтов)
trp_angle_horseman|Всадник Англов (Ридд)
trp_angle_horseman_pl|Всадников Англов (Риддов)
trp_angle_standard_bearer|Знаменосец Англ
trp_angle_standard_bearer_pl|Знаменосцев Англов
trp_angle_priest|Священник Англ
trp_angle_priest_pl|Священников Англов
trp_irish_slave|Раб Ирландец (Сенхлейт)
trp_irish_slave_pl|Рабов Ирландцев (Сенхлейтов)
trp_irish_bowman|Застрельщик Ирландец (Фер Мидбот)
trp_irish_bowman_pl|Застрельщиков Ирландцев (Фер Мидботов)
trp_irish_level0_skirmisher|Ветеран застрел-к Ирландец (Кейхерн)
trp_irish_level0_skirmisher_pl|Ветеранов застрел-в Ирландцев (Кейхерн)
trp_irish_level1_skirmisher|Элит. застрельщик Ирландец (Фианайг)
trp_irish_level1_skirmisher_pl|Элит. застрельщик Ирландцев (Фианайгов)
trp_irish_horseman|Всадник Ирландец (Мархок)
trp_irish_horseman_pl|Всадников Ирландцев (Мархоков)
trp_irish_level0_landed|Трудяга Ирландец (Ботах)
trp_irish_level0_landed_pl|Ополченцев Ирландцев (Ботахов)
trp_irish_level1_landed|Фригольдер Ирландец (Окар)
trp_irish_level1_landed_pl|Фригольдеров Ирландцев (Окаров)
trp_irish_level2_landed|Ветеран Ирландец (Боар)
trp_irish_level2_landed_pl|Ветеранов Ирландцев (Боар)
trp_irish_level3_landed|Знатный Ирландец (Эир)
trp_irish_level3_landed_pl|Знатных Ирландцев (Эиров)
trp_irish_level0_companion|Воин Ирландец (Койсиг)
trp_irish_level0_companion_pl|Воинов Ирландцев (Койсигов)
trp_irish_level1_companion|Могучий воин Ирландец (Кеур)
trp_irish_level1_companion_pl|Могучих воинов Ирландцев (Кеуров)
trp_irish_knight|Элит. страж (Риглех)
trp_irish_knight_pl|Элит. стражников (Риглехов)
trp_irish_standard_bearer|Знаменосец Ирландец
trp_irish_standard_bearer_pl|Знаменосцев Ирландцев
trp_irish_priest|Священник Ирландец
trp_irish_priest_pl|Священников Ирландцев
trp_todos_cuerno|Горнист
trp_todos_cuerno_pl|Горнистов
trp_norse_messenger|Посланник Норманн
trp_norse_messenger_pl|Посланников Норманнов
trp_norse_deserter|Дезертир Норманн
trp_norse_deserter_pl|Дезертиров Норманнов
trp_norse_prison_guard|Тюремщик Норманн
trp_norse_prison_guard_pl|Тюремщиков Норманнов
trp_norse_castle_guard|Стражник форта
trp_norse_castle_guard_pl|Стражников форта
trp_frisian_basic|Фриз (Хусмо)
trp_frisian_basic_pl|Фризийцев (Фрезенов)
trp_frisian_mid|Воин Фриз (Вигенд)
trp_frisian_mid_pl|Воинов Фризов (Вигендов)
trp_frisian_heavy|Ветеран Фриз (Веранд)
trp_frisian_heavy_pl|Ветеранов Фризов (Верандов)
trp_frisian_cav|Всадник Фриз (Рейддер)
trp_frisian_cav_pl|Всадников Фризов (Рейддеров)
trp_briton_messenger|Посыльный Бритт
trp_briton_messenger_pl|Посыльных Бриттов
trp_briton_deserter|Дезертир Бритт
trp_briton_deserter_pl|Дезертиров Бриттов
trp_briton_prison_guard|Тюремный страж
trp_briton_prison_guard_pl|Тюремных стражников
trp_briton_castle_guard|Стражник форта
trp_briton_castle_guard_pl|Стражников форта
trp_saxon_messenger|Посланник Сакс
trp_saxon_messenger_pl|Посланников Саксов
trp_saxon_deserter|Дезертир Сакс
trp_saxon_deserter_pl|Дезертиров Саксов
trp_saxon_prison_guard|Тюремщик
trp_saxon_prison_guard_pl|Тюремщиков
trp_saxon_castle_guard|Стражник
trp_saxon_castle_guard_pl|Стражников
trp_scotch_messenger|Посланник Пикт
trp_scotch_messenger_pl|Посланников Пиктов
trp_scotch_deserter|Дезертир Пикт
trp_scotch_deserter_pl|Дезертиров Пиктов
trp_scotch_prison_guard|Тюремщик
trp_scotch_prison_guard_pl|Тюремщиков
trp_scotch_castle_guard|Стражник
trp_scotch_castle_guard_pl|Стражников
trp_angle_messenger|Посланник Англ
trp_angle_messenger_pl|Посланников Англов
trp_angle_deserter|Дезертир Англ
trp_angle_deserter_pl|Дезертиров Англов
trp_angle_prison_guard|Тюремщик
trp_angle_prison_guard_pl|Тюремщиков
trp_angle_castle_guard|Стражник форта
trp_angle_castle_guard_pl|Стражников форта
trp_irish_messenger|Посланник Ирландец
trp_irish_messenger_pl|Посланников Ирландцев
trp_irish_deserter|Дезертир Ирландец
trp_irish_deserter_pl|Дезертиров Ирландцев
trp_irish_prison_guard|Тюремщик
trp_irish_prison_guard_pl|Тюремщиков
trp_irish_castle_guard|Стражник форта
trp_irish_castle_guard_pl|Стражников форта
trp_looter|Грабитель
trp_looter_pl|Грабителей
trp_bandit|Разбойник
trp_bandit_pl|Разбойников
trp_brigand|Бандит
trp_brigand_pl|Бандитов
trp_mountain_bandit|Вор
trp_mountain_bandit_pl|Воров
trp_forest_bandit|Бандит
trp_forest_bandit_pl|Бандитов
trp_sea_raider|Морской налетчик
trp_sea_raider_pl|Морских налетчиков
trp_desert_bandit|Разбойник
trp_desert_bandit_pl|Разбойников
trp_steppe_bandit|Нормандский викинг
trp_steppe_bandit_pl|Нормандских викингов
trp_taiga_bandit|Викинг
trp_taiga_bandit_pl|Викингов
trp_elite_viking|Датский викинг (элита)
trp_elite_viking_pl|Датских викингов (элита)
trp_elite_viking_2|Свейский викинг (элита)
trp_elite_viking_2_pl|Свейских викингов (элита)
trp_sea_raider_leader2|Капитан корабля
trp_sea_raider_leader2_pl|Капитанов
trp_looter_leader2|Предводитель бандитов
trp_looter_leader2_pl|Предводителей бандитов
trp_manhunter|Молодой воин
trp_manhunter_pl|Молодых воинов
trp_slave_driver|Надсмотрщик за рабами
trp_slave_driver_pl|Надсмотрщиков за рабами
trp_slave_hunter|Охотник за рабами
trp_slave_hunter_pl|Охотников за рабами
trp_slave_crusher|Ветеран охотник за рабами
trp_slave_crusher_pl|Ветеранов охотников за рабами
trp_slaver_chief|Работорговец
trp_slaver_chief_pl|Работорговцев
trp_follower_woman|Лагерная баба
trp_follower_woman_pl|Лагерных баб
trp_hunter_woman|Лагерная девка
trp_hunter_woman_pl|Лагерных девок
trp_fighter_woman|Солдатская жена
trp_fighter_woman_pl|Солдатских жен
trp_sword_sister|Защитница лагеря
trp_sword_sister_pl|Защитниц лагеря
trp_refugee|Беженка
trp_refugee_pl|Беженок
trp_peasant_woman|Крестьянка
trp_peasant_woman_pl|Крестьянок
trp_refugeeromanruins|Беженец
trp_refugeeromanruins_pl|Беженцев
trp_peasant_womanromanruins|Крестьянка
trp_peasant_womanromanruins_pl|Крестьянок
trp_refugeedruid|Беженец
trp_refugeedruid_pl|Беженцев
trp_peasant_womandruid|Крестьянка
trp_peasant_womandruid_pl|Крестьянок
trp_farmerdruid|Крестьянин
trp_farmerdruid_pl|Крестьян
trp_manhunterdruid|Юные вояки
trp_manhunterdruid_pl|Юных вояк
trp_prisionerdruid|Пленный
trp_prisionerdruid_pl|Пленных
trp_quarry_trabajador|Рабочий
trp_quarry_trabajador_pl|Рабочих
trp_quarry_capataz|Штейгер
trp_quarry_capataz_pl|Штейгеров
trp_saltmine_capataz|Штейгер
trp_saltmine_capataz_pl|Штейгеров
trp_lumbercamp_capataz|Прораб
trp_lumbercamp_capataz_pl|Прорабов
trp_farmstead_boss|Управляющий
trp_farmstead_boss_pl|Управляющих
trp_bandit_lairmerchant|Предводитель бандитов
trp_bandit_lairmerchant_pl|Предводителей бандитов
trp_abad|Аббат
trp_abad_pl|Аббатов
trp_monjes|Монах
trp_monjes_pl|Монахов
trp_caravan_master|Хозяин каравана
trp_caravan_master_pl|Хозяев караванов
trp_kidnapped_girl|Заложница
trp_kidnapped_girl_pl|Заложниц
trp_town_walker_1|Горожанин
trp_town_walker_1_pl|Горожан
trp_town_walker_2|Горожанка
trp_town_walker_2_pl|Горожанок
trp_town_walker_3|Горожанин
trp_town_walker_3_pl|Горожан
trp_town_walker_4|Горожанка
trp_town_walker_4_pl|Горожанок
trp_town_walker_5|Горожанин
trp_town_walker_5_pl|Горожан
trp_town_walker_6|Горожанка
trp_town_walker_6_pl|Горожанок
trp_town_walker_7|Горожанин
trp_town_walker_7_pl|Горожан
trp_town_walker_8|Горожанка
trp_town_walker_8_pl|Горожанок
trp_nino_varon|Ребенок
trp_nino_varon_pl|Детей
trp_nina_chica|Ребенок
trp_nina_chica_pl|Детей
trp_monk_walker|Монах
trp_monk_walker_pl|Монахов
trp_village_walker_1|Крестьянин
trp_village_walker_1_pl|Крестьян
trp_village_walker_2|Крестьянин
trp_village_walker_2_pl|Крестьян
trp_village_walker_3|Крестьянин
trp_village_walker_3_pl|Крестьян
trp_village_walker_4|Крестьянин
trp_village_walker_4_pl|Крестьян
trp_village_walker_5|Крестьянин
trp_village_walker_5_pl|Крестьян
trp_village_walker_6|Крестьянин
trp_village_walker_6_pl|Крестьян
trp_village_walker_7|Крестьянин
trp_village_walker_7_pl|Крестьян
trp_village_walker_8|Крестьянин
trp_village_walker_8_pl|Крестьян
trp_village_walker_1a|Крестьянка
trp_village_walker_1a_pl|Крестьянок
trp_village_walker_3a|Крестьянин-батрак
trp_village_walker_3a_pl|Крестьяне-батраки
trp_village_walker_5a|Крестьянка-батрачка
trp_village_walker_5a_pl|Крестьянки-батрачки
trp_spy_walker_1|Горожанин
trp_spy_walker_1_pl|Горожан
trp_spy_walker_2|Горожанка
trp_spy_walker_2_pl|Горожанок
trp_tournament_master|Распорядитель турнира
trp_tournament_master_pl|Распорядителей турнира
trp_trainer|Тренер
trp_trainer_pl|Тренеров
trp_constable_hareck|Комендант Гарек
trp_constable_hareck_pl|Комендант Гарек
trp_ramun_the_slave_trader|Этелмер, работорговец
trp_ramun_the_slave_trader_pl|Этелмер, работорговец
trp_guide|Ульрик
trp_guide_pl|Ульрик
trp_xerina|Отшельник Пикт
trp_xerina_pl|Отшельников
trp_dranton|Ниалл Британец
trp_dranton_pl|Ниалл
trp_kradus|Ухтред Сакс
trp_kradus_pl|Крадус
trp_tutorial_trainer|Тренер рукопашного боя
trp_tutorial_trainer_pl|Тренер рукопашного боя
trp_galeas|Балин
trp_galeas_pl|Балин
trp_farmer_from_bandit_village|Крестьянин
trp_farmer_from_bandit_village_pl|Крестьян
trp_trainer_2|Харальд
trp_trainer_2_pl|Тренер
trp_trainer_1|Ветеран
trp_trainer_1_pl|Ветеран
trp_trainer_3|Тренер
trp_trainer_3_pl|Тренер
trp_trainer_4|Тренер
trp_trainer_4_pl|Тренер
trp_trainer_5|Тренер
trp_trainer_5_pl|Тренер
trp_ransom_broker_1|Посредник
trp_ransom_broker_1_pl|Посредник
trp_ransom_broker_2|Посредник
trp_ransom_broker_2_pl|Посредник
trp_ransom_broker_3|Посредник
trp_ransom_broker_3_pl|Посредник
trp_ransom_broker_4|Посредник
trp_ransom_broker_4_pl|Посредник
trp_ransom_broker_5|Посредник
trp_ransom_broker_5_pl|Посредник
trp_ransom_broker_6|Посредник
trp_ransom_broker_6_pl|Посредник
trp_ransom_broker_7|Посредник
trp_ransom_broker_7_pl|Посредник
trp_ransom_broker_8|Посредник
trp_ransom_broker_8_pl|Посредник
trp_ransom_broker_9|Посредник
trp_ransom_broker_9_pl|Посредник
trp_ransom_broker_10|Посредник
trp_ransom_broker_10_pl|Посредник
trp_ransom_broker_20|Посредник
trp_ransom_broker_20_pl|Посредник
trp_tavern_traveler_1|Странник
trp_tavern_traveler_1_pl|Странник
trp_tavern_traveler_2|Странник
trp_tavern_traveler_2_pl|Странник
trp_tavern_traveler_3|Странник
trp_tavern_traveler_3_pl|Странник
trp_tavern_traveler_4|Странник
trp_tavern_traveler_4_pl|Странник
trp_tavern_traveler_5|Странник
trp_tavern_traveler_5_pl|Странник
trp_tavern_traveler_6|Странник
trp_tavern_traveler_6_pl|Странник
trp_tavern_traveler_7|Странник
trp_tavern_traveler_7_pl|Странник
trp_tavern_traveler_8|Странник
trp_tavern_traveler_8_pl|Странник
trp_tavern_traveler_9|Странник
trp_tavern_traveler_9_pl|Странник
trp_tavern_traveler_10|Странник
trp_tavern_traveler_10_pl|Странник
trp_tavern_bookseller_1|Книготорговец
trp_tavern_bookseller_1_pl|Книготорговец
trp_tavern_bookseller_2|Книготорговец
trp_tavern_bookseller_2_pl|Книготорговец
trp_tavern_minstrel_1|Странствующий скальд
trp_tavern_minstrel_1_pl|Менестрель
trp_tavern_minstrel_2|Странствующий бард
trp_tavern_minstrel_2_pl|Менестрель
trp_tavern_minstrel_3|Странствующий бард
trp_tavern_minstrel_3_pl|Менестрель
trp_tavern_minstrel_4|Странствующий бард
trp_tavern_minstrel_4_pl|Менестрель
trp_tavern_minstrel_5|Странствующий бард
trp_tavern_minstrel_5_pl|Менестрель
trp_quastuosa_1|Веселая вдова
trp_quastuosa_1_pl|Шлюх
trp_quastuosa_2|Веселая вдова
trp_quastuosa_2_pl|Шлюх
trp_quastuosa_3|Веселая вдова
trp_quastuosa_3_pl|Шлюх
trp_quastuosa_4|Веселая вдова
trp_quastuosa_4_pl|Шлюх
trp_quastuosa_5|Веселая вдова
trp_quastuosa_5_pl|Шлюх
trp_quastuosa_6|Веселая вдова
trp_quastuosa_6_pl|Шлюх
trp_quastuosa_7|Веселая вдова
trp_quastuosa_7_pl|Шлюх
trp_quastuosa_end|Веселая вдова
trp_quastuosa_end_pl|Шлюх
trp_bardo_1|Королевский скальд
trp_bardo_1_pl|Скальд
trp_bardo_2|Королевский скальд
trp_bardo_2_pl|Скальд
trp_bardo_3|Королевский скальд
trp_bardo_3_pl|Скальд
trp_bardo_4|Королевский скальд
trp_bardo_4_pl|Скальд
trp_bardo_5|Королевский бард
trp_bardo_5_pl|Бард
trp_bardo_6|Королевский бард
trp_bardo_6_pl|Бард
trp_bardo_7|Королевский бард
trp_bardo_7_pl|Бард
trp_bardo_8|Королевский бард
trp_bardo_8_pl|Бард
trp_bardo_9|Королевский бард
trp_bardo_9_pl|Бард
trp_bardo_10|Королевский бард
trp_bardo_10_pl|Бард
trp_bardo_11|Королевский бард
trp_bardo_11_pl|Бард
trp_bardo_12|Королевский бард
trp_bardo_12_pl|Бард
trp_bardo_13|Королевский бард
trp_bardo_13_pl|Бард
trp_bardo_14|Королевский бард
trp_bardo_14_pl|Бард
trp_bardo_15|Королевский бард
trp_bardo_15_pl|Бард
trp_bardo_16|Королевский бард
trp_bardo_16_pl|Бард
trp_bardo_17|Королевский бард
trp_bardo_17_pl|Бард
trp_bardo_18|Королевский бард
trp_bardo_18_pl|Бард
trp_bardo_19|Королевский бард
trp_bardo_19_pl|Бард
trp_bardo_20|Королевский бард
trp_bardo_20_pl|Бард
trp_bardo_21|Королевский бард
trp_bardo_21_pl|Бард
trp_sacerdote_1|Аббат
trp_sacerdote_1_pl|Священник
trp_sacerdote_2|Аббат Эалхеард
trp_sacerdote_2_pl|Священник
trp_paganop_1|Готи
trp_paganop_1_pl|Жрец
trp_priest_end|Priest both religions end
trp_priest_end_pl|sacerdote
trp_especiales_1|Отшельник Дерфел Гадарн
trp_especiales_1_pl|Святой
trp_kingdom_heroes_including_player_begin|kingdom heroes including player begin
trp_kingdom_heroes_including_player_begin_pl|kingdom heroes including player begin
trp_npc1|Кайо
trp_npc1_pl|Кайо
trp_npc2|Эгиль
trp_npc2_pl|Эгиль
trp_npc3|Брюнхильда
trp_npc3_pl|Брюнхильда
trp_npc4|Доннчад
trp_npc4_pl|Доннчад
trp_npc5|Морган
trp_npc5_pl|Морган
trp_npc6|Бодо
trp_npc6_pl|Бодо
trp_npc7|Дайвей
trp_npc7_pl|Дайвей
trp_npc8|Регинхард
trp_npc8_pl|Регинхард
trp_npc9|Кловис
trp_npc9_pl|Кловис
trp_npc10|Кевлин
trp_npc10_pl|Кевлин
trp_npc11|Сольвейг
trp_npc11_pl|Сольвейг
trp_npc12|Асбьёрн
trp_npc12_pl|Асбьёрн
trp_npc13|Хельги 
trp_npc13_pl|Хельги 
trp_npc14|Эйлчу
trp_npc14_pl|Эйлчу
trp_npc15|Агатинос
trp_npc15_pl|Агатинос
trp_npc16|Беда
trp_npc16_pl|Беда
trp_kingdom_1_lord|Конунг Хорик Гудфредссон
trp_kingdom_1_lord_pl|Хорик Гудфредссон
trp_kingdom_2_lord|Конунг Харальд Хальфданарсон
trp_kingdom_2_lord_pl|Харальд Хальфданарсон
trp_kingdom_3_lord|Конунг Гудрод Рагнарссон
trp_kingdom_3_lord_pl|Гудрод Рагнарссон
trp_kingdom_4_lord|Конунг Рёрик Хеммингссон
trp_kingdom_4_lord_pl|Рёрик Хеммингссон
trp_kingdom_5_lord|Бретвальда Этельред Этельвульфинг
trp_kingdom_5_lord_pl|Этельред Этельвульфинг
trp_kingdom_6_lord|Кунинг Эдмунд Этельбертинг
trp_kingdom_6_lord_pl|Эдмунд Этельбертинг
trp_kingdom_7_lord|Кунинг Бругред Беортвульфинг
trp_kingdom_7_lord_pl|Бругред Беортвульфинг
trp_kingdom_8_lord|Ярл Хальфдан Рагнарссон
trp_kingdom_8_lord_pl|Хальфдан Рагнарссон
trp_kingdom_9_lord|Король Роди мап Мервин
trp_kingdom_9_lord_pl|Роди мап Мервин
trp_kingdom_10_lord|Король Элисед мап Теудр
trp_kingdom_10_lord_pl|Элисед мап Теудр
trp_kingdom_11_lord|Король Артгал мап Думнагуал
trp_kingdom_11_lord_pl|Артгал мап Думнагуал
trp_kingdom_12_lord|Король Дуниарт мап Эферфердин
trp_kingdom_12_lord_pl|Дуниарт мап Эферфердин
trp_kingdom_13_lord|Король Хивел мап Рис
trp_kingdom_13_lord_pl|Хивел мап Рис
trp_kingdom_14_lord|Король-над-королями Летлобар мак Лоингсиг
trp_kingdom_14_lord_pl|Летлобар мак Лоингсиг
trp_kingdom_15_lord|Король-над-королями Дунлайнг мак Муйредайг
trp_kingdom_15_lord_pl|Дунлайнг мак Муйредайг
trp_kingdom_16_lord|Король-над-королями Кенн Фаэлад уа Мугтигирн
trp_kingdom_16_lord_pl|Кенн Фаэлад уа Мугтигирн
trp_kingdom_17_lord|Король-над-королями Мугрон мак Котайд
trp_kingdom_17_lord_pl|Мугрон мак Котайд
trp_kingdom_18_lord|Верховный король Аэд мак Ниалл
trp_kingdom_18_lord_pl|Аэд мак Ниалл
trp_kingdom_19_lord|Король-над-королями Доннхад мак Эохокай
trp_kingdom_19_lord_pl|Доннхад мак Эохокай
trp_kingdom_20_lord|Король-над-королями Косантин мак Кинэда
trp_kingdom_20_lord_pl|Косантин мак Кинэда
trp_kingdom_21_lord|Король-над-королями Кербалл мак Дунлайнге
trp_kingdom_21_lord_pl|Кербалл мак Дунлайнге
trp_knight_1_1|Ярл Сигифрид Ангантирссон
trp_knight_1_1_pl|Сигифрид Ангантирссон
trp_knight_1_2|Ярл Багсег
trp_knight_1_2_pl|Багсег
trp_knight_1_3|Ярл Хальфдан Ангантирссон
trp_knight_1_3_pl|Хальфдан Ангантирссон
trp_knight_1_4|Хэрсир Гутрум
trp_knight_1_4_pl|Гутрум
trp_knight_1_5|Ярл Сигурд Рагнарссон
trp_knight_1_5_pl|Сигурд Рагнарссон
trp_knight_1_6|Хэрсир Хельги Быстрый
trp_knight_1_6_pl|Хельги Быстрый
trp_knight_2_1|Ярл Гуторм Харальдссон
trp_knight_2_1_pl|Гуторм Харальдссон
trp_knight_2_2|Конунг Эйрик
trp_knight_2_2_pl|Эйрик
trp_knight_2_3|Ярл Кьётве Богатый
trp_knight_2_3_pl|Кьётве Богатый
trp_knight_2_4|Хэрсир Кетиль Бьёрнссон
trp_knight_2_4_pl|Кетиль Бьёрнссон
trp_knight_2_5|Хэрсир Бьёрн Кетилссон
trp_knight_2_5_pl|Бьёрн Кетилссон
trp_knight_3_1|Ярл Олаф Гудродссон
trp_knight_3_1_pl|Олаф Гудродссон
trp_knight_3_2|Ярл Ивар Гудродссон
trp_knight_3_2_pl|Ивар Гудродссон
trp_knight_3_3|Ярл Асл Гудродссон
trp_knight_3_3_pl|Асл Гудродссон
trp_knight_3_4|Ярл Оркан
trp_knight_3_4_pl|Оркан
trp_knight_3_5|Ярл Хельги Кетилссон
trp_knight_3_5_pl|Хельги Кетилссон
trp_knight_3_6|Хэрсир Эйстейн Олафссон
trp_knight_3_6_pl|Эйстейн Олафссон
trp_knight_3_7|Хэрсир Сигтригг Иварссон
trp_knight_3_7_pl|Сигтригг Иварссон
trp_knight_3_8|Хэрсир Торстейн Олафссон
trp_knight_3_8_pl|Торстейн Олафссон
trp_knight_4_1|Ярл Харальд Хеммингссон
trp_knight_4_1_pl|Харальд Хеммингссон
trp_knight_4_2|Ярл Готрик Харальдссон
trp_knight_4_2_pl|Готрик Харальдссон
trp_knight_4_3|Ярл Хродульф Харальдссон
trp_knight_4_3_pl|Хродульф Харальдссон
trp_knight_5_1|Этелинг Альфред Этельвульфинг
trp_knight_5_1_pl|Альфред Этельвульфинг
trp_knight_5_2|Элдормен Этельмод
trp_knight_5_2_pl|Этельмод
trp_knight_5_3|Элдормен Вульфхер
trp_knight_5_3_pl|Вульфхер
trp_knight_5_4|Элдормен Эльфстан
trp_knight_5_4_pl|Эльфстан
trp_knight_5_5|Элдормен Кутред
trp_knight_5_5_pl|Кутред
trp_knight_5_6|Элдормен Букка
trp_knight_5_6_pl|Букка
trp_knight_5_7|Элдормен Вульфред
trp_knight_5_7_pl|Вульфред
trp_knight_5_8|Элдормен Вигстан
trp_knight_5_8_pl|Вигстан
trp_knight_5_9|Элдормен Сигеберт Сигевульфинг
trp_knight_5_9_pl|Сигеберт Сигевульфинг
trp_knight_5_10|Элдормен Гарульф
trp_knight_5_10_pl|Гарульф
trp_knight_5_11|Друхтен Дритвальд
trp_knight_5_11_pl|Дритвальд
trp_knight_6_1|Элдормен Освальд
trp_knight_6_1_pl|Освальд
trp_knight_6_2|Элдормен Этельред
trp_knight_6_2_pl|Этельред
trp_knight_6_3|Элдормен Элхере
trp_knight_6_3_pl|Элхере
trp_knight_6_4|Энфрит
trp_knight_6_4_pl|Энфрит
trp_knight_6_5|Эггвалд
trp_knight_6_5_pl|Эггвалд
trp_knight_7_1|Элдормен Кеовульф Кеовульфинг
trp_knight_7_1_pl|Кеовульф Кеовульфинг
trp_knight_7_2|Элдормен Хереберт
trp_knight_7_2_pl|Хереберт
trp_knight_7_3|Элдормен Этельред
trp_knight_7_3_pl|Этельред
trp_knight_7_4|Элдормен Этельред Мукил
trp_knight_7_4_pl|Этельред Мукил
trp_knight_7_5|Элдормен Эльфгар
trp_knight_7_5_pl|Эльфгар
trp_knight_7_6|Элдормен Этульф
trp_knight_7_6_pl|Этульф
trp_knight_7_7|Элдормен Беорнот
trp_knight_7_7_pl|Беорнот
trp_knight_7_8|Элдормен Сигберт
trp_knight_7_8_pl|Сигберт
trp_knight_7_9|Друхтен Этельвульф Этельрединг
trp_knight_7_9_pl|Этельвульф Этельрединг
trp_knight_8_1|Кунинг Эгберт
trp_knight_8_1_pl|Эгберт
trp_knight_8_2|Ярл Ратбарт Рагнарссон
trp_knight_8_2_pl|Ратбарт Рагнарссон
trp_knight_8_3|Элдормен Элдред
trp_knight_8_3_pl|Элдред
trp_knight_8_4|Ярл Сидрок Старший
trp_knight_8_4_pl|Сидрок Старший
trp_knight_8_5|Элдормен Риксиг
trp_knight_8_5_pl|Риксиг
trp_knight_8_6|Элдормен Эгберт Второй
trp_knight_8_6_pl|Эгберт Второй
trp_knight_8_7|Ярл Бьёрн Рагнарссон
trp_knight_8_7_pl|Бьёрн Железнобокий
trp_knight_8_8|Хэрсир Гутред Кнуд
trp_knight_8_8_pl|Гутред Кнуд
trp_knight_8_9|Хэрсир Рёнгвальд
trp_knight_8_9_pl|Рёнгвальд
trp_knight_8_10|Хэрсир Харальд
trp_knight_8_10_pl|Харальд
trp_knight_8_11|Хэрсир Сидрок Младший
trp_knight_8_11_pl|Сидрок Младший
trp_knight_8_12|Хэрсир Фраэна
trp_knight_8_12_pl|Фраэна
trp_knight_8_13|Ярл Ивар Бескостный
trp_knight_8_13_pl|Ивар Бескостный
trp_knight_8_14|Ярл Хубби Рагнарссон
trp_knight_8_14_pl|Хубби Рагнарссон
trp_knight_8_15|Конунг Багсег
trp_knight_8_15_pl|Багсег
trp_knight_9_1|Маэл Анарауд мап Родри
trp_knight_9_1_pl|Анарауд мап Родри
trp_knight_9_2|Маэл Каделл мап Родри
trp_knight_9_2_pl|Каделл мап Родри
trp_knight_9_3|Маэл Мервин мап Родри
trp_knight_9_3_pl|Мервин мап Родри
trp_knight_9_4|Король Гугон мап Мейриг
trp_knight_9_4_pl|Гугон мап Мейриг
trp_knight_9_5|Гуледик Гуриад мап Мервин
trp_knight_9_5_pl|Гуриад мап Мервин
trp_knight_9_6|Маэл Тудвал мап Родри
trp_knight_9_6_pl| Тудвал мап Родри
trp_knight_9_7|Гуледик Хивайд мап Бледдри
trp_knight_9_7_pl| Хивайд мап Бледдри
trp_knight_9_8|Вождь Оуэн мап Хивел
trp_knight_9_8_pl|Оуэн мап Хивел
trp_knight_9_9|Вождь Ллован мап Килмин Брёту
trp_knight_9_9_pl|Ллован мап Килмин Брёту
trp_knight_10_1|Маэл Гуледиг
trp_knight_10_1_pl|Гуледиг
trp_knight_11_1|Маэл Рин мап Артгал
trp_knight_11_1_pl|Рин мап Артгал
trp_knight_11_2|Маэл Экхой мап Рин
trp_knight_11_2_pl|Экхой мап Рин
trp_knight_11_3|Гуледик Дифнвал мап Рин
trp_knight_11_3_pl|Дифнвал мап Рин
trp_knight_11_4|Гуледик Гирик мап Рат
trp_knight_11_4_pl|Гирик мап Рат
trp_knight_11_5|Кинон мап Киндруин
trp_knight_11_5_pl|Кинон мап Киндруин
trp_knight_11_6|Гуйон мап Киндруин
trp_knight_11_6_pl|Гуйон мап Киндруин
trp_knight_11_7|Мадок мап Каделл
trp_knight_11_7_pl|Мадок мап Каделл
trp_knight_11_8|Карадок мап Ривалл
trp_knight_11_8_pl|Карадок мап Ривалл
trp_knight_12_1|Гуледик Элиуд мап Эферфердин
trp_knight_12_1_pl|Элиуд мап Эферфердин
trp_knight_12_2|Гуледик Аланор мап Элиуд
trp_knight_12_2_pl|Аланор мап Элиуд
trp_knight_12_3|Маэл Рикат мап Дуниарт
trp_knight_12_3_pl|Рикат мап Дуниарт
trp_knight_13_1|Гуледик Мейриг мап Артвайл
trp_knight_13_1_pl|Мейриг мап Артвайл
trp_knight_13_2|Маэл Оуэн мап Хивел
trp_knight_13_2_pl|Оуэн мап Хивел
trp_knight_13_3|Вождь Броквайл мап Мейриг
trp_knight_13_3_pl|Броквайл мап Мейриг
trp_knight_14_1|Маэл Кахалан мак Индрехтайг
trp_knight_14_1_pl|Кахалан мак Индрехтайг
trp_knight_14_2|Маэл Коналлан мак Дуин
trp_knight_14_2_pl|Коналлан мак Дуин
trp_knight_14_3|Над-король Мохейрге мак Индрехтайг
trp_knight_14_3_pl|Мохейрге мак Индрехтайг
trp_knight_14_4|Король туата Айнбих мак Аэдо
trp_knight_14_4_pl|Айнбих мак Аэдо
trp_knight_14_5|Король туата Куммасках мак Кахалан
trp_knight_14_5_pl|Куммасках мак Кахалан
trp_knight_15_1|Над-король Айлиль мак Дунлайнге
trp_knight_15_1_pl|Айлиль мак Дунлайнге
trp_knight_15_2|Над-король Кайрпре мак Дунлайнге
trp_knight_15_2_pl|Кайрпре мак Дунлайнге
trp_knight_15_3|Король туата Муйредах мак Брайн
trp_knight_15_3_pl|Муйредах мак Брайн
trp_knight_15_4|Король туата Домналл мак Муйрекайн
trp_knight_15_4_pl|Домналл мак Муйрекайн
trp_knight_15_5|Король туата Кербалл мак Муйрекайн
trp_knight_15_5_pl|Кербалл мак Муйрекайн
trp_knight_15_6|Король туата Аугайре мак Айлелла
trp_knight_15_6_pl|Аугайре мак Айлелла
trp_knight_16_1|Над-король Дунхад мак Дуб да Байренн
trp_knight_16_1_pl|Дунхад мак Дуб да Байренн
trp_knight_16_2|Над-король Дуб Лахтнай мак Гуалу
trp_knight_16_2_pl|Дуб Лахтнай мак Гуалу
trp_knight_16_3|Король туата Фогартах мак Суибне
trp_knight_16_3_pl|Фогартах мак Суибне
trp_knight_16_4|Король туата Лонгбортан мак Финнахта
trp_knight_16_4_pl|Лонгбортан мак Финнахта
trp_knight_16_5|Король туата Реахтабра мак Бран Финн
trp_knight_16_5_pl|Реахтабра мак Бран Финн
trp_knight_16_6|Король туата Колман мак Кионайт
trp_knight_16_6_pl|Колман мак Кионайт
trp_knight_17_1|Маэл Конхобар мак Тайдг Мор
trp_knight_17_1_pl|Конхобар мак Тайдг Мор
trp_knight_17_2|Король туата Аэд мак Конхобар
trp_knight_17_2_pl|Аэд мак Конхобар
trp_knight_17_3|Король туата Тадг Мак Конхобар
trp_knight_17_3_pl|Тадг Мак Конхобар
trp_knight_17_4|Король туата Финшнехта мак Коркрай
trp_knight_17_4_pl|Финшнехта мак Коркрай
trp_knight_17_5|Король туата Добхайлен мак Гормгус
trp_knight_17_5_pl|Добхайлен мак Гормгус
trp_knight_17_6|Король туата Катал мак Конхобар
trp_knight_17_6_pl|Катал мак Конхобар
trp_knight_18_1|Маэл Домналл мак Аэда
trp_knight_18_1_pl|Домналл мак Аэда
trp_knight_18_2|Маэл Дабайлл
trp_knight_18_2_pl|Дабайлл
trp_knight_18_3|Маэл Дуб мак Аэда
trp_knight_18_3_pl|Дуб мак Аэда
trp_knight_18_4|Король-над-королями Конгалах мак Финнахта
trp_knight_18_4_pl|Конгалах мак Финнахта
trp_knight_18_5|Король туата Куммасках мак Муйредайг
trp_knight_18_5_pl|Куммасках мак Муйредайг
trp_knight_18_6|Маэл Падрайг мак Курарада
trp_knight_18_6_pl|Падрайг мак Курарада
trp_knight_18_7|Король туата Лайдгнен мак Доннагайн
trp_knight_18_7_pl|Лайдгнен мак Доннагайн
trp_knight_19_1|Маэл Сехнайлл мак Ниал
trp_knight_19_1_pl|Сехнайлл мак Ниал
trp_knight_19_2|Маэл Диармайт мак Этерскейли
trp_knight_19_2_pl|Диармайт мак Этерскейли
trp_knight_19_3|Маэл Фланн Синна мак Сехнайлл
trp_knight_19_3_pl|Фланн Синна мак Сехнайлл
trp_knight_19_4|Король туата Фланн мак Конайнг
trp_knight_19_4_pl|Фланн мак Конайнг
trp_knight_19_5|Коналл мак Эхах
trp_knight_19_5_pl|Коналл мак Эхах
trp_knight_20_1|Маэл Домналл безумный мак Косантин
trp_knight_20_1_pl|Домналл безумный мак Косантин
trp_knight_20_2|Над-король Аэд мак Кинаэда
trp_knight_20_2_pl|Аэд мак Кинаэда
trp_knight_20_3|Король туата Косантин мак Аэда
trp_knight_20_3_pl|Косантин мак Аэда
trp_knight_20_4|Король туата Домхалл мак Аэда
trp_knight_20_4_pl|Домхалл мак Аэда
trp_knight_20_5|Маэл Колуйм мак Домналл
trp_knight_20_5_pl|Колуйм мак Домналл
trp_knight_20_6|Домлех
trp_knight_20_6_pl|Домлех
trp_knight_20_7|Энтифидах
trp_knight_20_7_pl|Энтифидах
trp_knight_20_8|Лугтрени
trp_knight_20_8_pl|Лугтрени
trp_knight_21_1|Маэл Диармайт мак Кербайлл
trp_knight_21_1_pl|Диармайт мак Кербайлл
trp_knight_21_2|Маэл Келлах мак Кербайлл
trp_knight_21_2_pl|Келлах мак Кербайлл
trp_knight_21_3|Над-король Риакан мак Дуйнлайнге
trp_knight_21_3_pl|Риакан мак Дуйнлайнге
trp_kingdom_1_pretender|Ярл Торгил
trp_kingdom_1_pretender_pl|Торгил
trp_kingdom_2_pretender|Над-король Дунгал
trp_kingdom_2_pretender_pl|Дунгал
trp_kingdom_3_pretender|Этелинг Освин
trp_kingdom_3_pretender_pl|Освин
trp_kingdom_4_pretender|Этелинг Керл
trp_kingdom_4_pretender_pl|Кеорл
trp_kingdom_5_pretender|Танист Били
trp_kingdom_5_pretender_pl|Били
trp_kingdom_6_pretender|Маэл Элисед ап Кунген
trp_kingdom_6_pretender_pl|Элисед ап Кинген
trp_knight_1_1_wife|Error - knight 1 1 wife should not appear in game
trp_knight_1_1_wife_pl|knight 1 1 wife
trp_kingdom_1_lady_1|Аслауг
trp_kingdom_1_lady_1_pl|Аслауг
trp_kingdom_1_lady_2|Блаежа
trp_kingdom_1_lady_2_pl|Блаежа
trp_kingdom_1_lady_3|Рангхильда Рагнарсдоттер
trp_kingdom_1_lady_3_pl|Рангхильда Рагнарсдоттер
trp_kingdom_1_lady_4|Ингун
trp_kingdom_1_lady_4_pl|Ингун
trp_kingdom_2_lady_1|Гида Эйрикдоттер
trp_kingdom_2_lady_1_pl|Гида
trp_kingdom_2_lady_2|Ингвильд
trp_kingdom_2_lady_2_pl|Ингвильд
trp_kingdom_2_lady_3|Торун Кетилсдоттер
trp_kingdom_2_lady_3_pl|Торун
trp_kingdom_2_lady_4|Халлабера
trp_kingdom_2_lady_4_pl|Халлабера
trp_kingdom_3_lady_1|Сальбьёрг
trp_kingdom_3_lady_1_pl|Сальбьёрг
trp_kingdom_3_lady_2|Бера
trp_kingdom_3_lady_2_pl|Бера
trp_kingdom_3_lady_3|Грунхильд
trp_kingdom_3_lady_3_pl|Грунхильд
trp_kingdom_3_lady_4|Асгерд
trp_kingdom_3_lady_4_pl|Асгерд
trp_kingdom_4_lady_1|Хельга
trp_kingdom_4_lady_1_pl|Хельгу
trp_kingdom_4_lady_2|Асфрид
trp_kingdom_4_lady_2_pl|Асфрид
trp_kingdom_4_lady_3|Ингибьёрг
trp_kingdom_4_lady_3_pl|Ингибьёрг
trp_kingdom_4_lady_4|Сакун
trp_kingdom_4_lady_4_pl|Сакун
trp_kingdom_5_lady_1|Осбурх
trp_kingdom_5_lady_1_pl|Осбурх
trp_kingdom_5_lady_2|Вольфдруд
trp_kingdom_5_lady_2_pl|Вольфдруд
trp_kingdom_5_lady_3|Элсвис
trp_kingdom_5_lady_3_pl|Элсвис
trp_kingdom_5_lady_4|Аелсвис
trp_kingdom_5_lady_4_pl|Аелсвис
trp_kingdom_5_lady_5|Аелфлайд
trp_kingdom_5_lady_5_pl|Аелфлайд
trp_kingdom_5_lady_6|Эорменбург
trp_kingdom_5_lady_6_pl|Эорменбург
trp_kingdom_5_lady_7|Аелвинне
trp_kingdom_5_lady_7_pl|Аелвинне
trp_kingdom_6_lady_1|Эдит
trp_kingdom_6_lady_1_pl|Эдит
trp_kingdom_6_lady_2|Эдбург
trp_kingdom_6_lady_2_pl|Эдбург
trp_kingdom_6_lady_3|Адельбурга
trp_kingdom_6_lady_3_pl|Адельбурга
trp_kingdom_6_lady_4|Хильда
trp_kingdom_6_lady_4_pl|Хильда
trp_kingdom_7_lady_1|Аетельсвис
trp_kingdom_7_lady_1_pl|Аетельсвис
trp_kingdom_7_lady_2|Эадбург
trp_kingdom_7_lady_2_pl|Эадбург
trp_kingdom_7_lady_3|Аедгис
trp_kingdom_7_lady_3_pl|Аедгис
trp_kingdom_7_lady_4|Кюнесвит
trp_kingdom_7_lady_4_pl|Кюнесвит
trp_kingdom_7_lady_5|Алвис
trp_kingdom_7_lady_5_pl|Алвис
trp_kingdom_7_lady_6|Аедельфлид
trp_kingdom_7_lady_6_pl|Аедельфлид
trp_kingdom_7_lady_7|Аепелхильд
trp_kingdom_7_lady_7_pl|Аепелхильд
trp_kingdom_7_lady_8|Аепелсвип
trp_kingdom_7_lady_8_pl|Аепелсвип
trp_kingdom_7_lady_9|Аетте
trp_kingdom_7_lady_9_pl|Аетте
trp_kingdom_8_lady_1|Алоф Рагнарсдоттир
trp_kingdom_8_lady_1_pl|Алоф
trp_kingdom_8_lady_2|Еанфлаед
trp_kingdom_8_lady_2_pl|Еанфлаед
trp_kingdom_8_lady_3|Фрейдис
trp_kingdom_8_lady_3_pl|Фрейдис
trp_kingdom_8_lady_4|Гудрун
trp_kingdom_8_lady_4_pl|Гудрун
trp_kingdom_8_lady_5|Сигрид
trp_kingdom_8_lady_5_pl|Сигрид
trp_kingdom_8_lady_6|Сванхильд
trp_kingdom_8_lady_6_pl|Сванхильд
trp_kingdom_8_lady_7|Сигран
trp_kingdom_8_lady_7_pl|Сигран
trp_kingdom_8_lady_8|Турид
trp_kingdom_8_lady_8_pl|Турид
trp_kingdom_8_lady_9|Аеббе
trp_kingdom_8_lady_9_pl|Аеббе
trp_kingdom_9_lady_1|Ангарад вер Мейриг
trp_kingdom_9_lady_1_pl|Ангарад
trp_kingdom_9_lady_2|Элен вер Родри
trp_kingdom_9_lady_2_pl|Элен
trp_kingdom_9_lady_3|Клеври
trp_kingdom_9_lady_3_pl|Клеври
trp_kingdom_9_lady_4|Неста вер Родри
trp_kingdom_9_lady_4_pl|Неста
trp_kingdom_9_lady_5|Леиги
trp_kingdom_9_lady_5_pl|Леиги
trp_kingdom_9_lady_6|Анна
trp_kingdom_9_lady_6_pl|Анна
trp_kingdom_10_lady_1|Марвенна
trp_kingdom_10_lady_1_pl|Марвенна
trp_kingdom_10_lady_2|Гвенонви
trp_kingdom_10_lady_2_pl|Гвенонви
trp_kingdom_10_lady_3|Гвенеддлон
trp_kingdom_10_lady_3_pl|Гвенеддлон
trp_kingdom_11_lady_1|Вер Кинаэда
trp_kingdom_11_lady_1_pl|Вер Кинаэда
trp_kingdom_11_lady_2|Брифаел
trp_kingdom_11_lady_2_pl|Брифаел
trp_kingdom_11_lady_3|Сеиндрич
trp_kingdom_11_lady_3_pl|Сеиндрич
trp_kingdom_11_lady_4|Моргауза
trp_kingdom_11_lady_4_pl|Моргауза
trp_kingdom_12_lady_1|Мейсир
trp_kingdom_12_lady_1_pl|Мейсир
trp_kingdom_12_lady_2|Хеледд
trp_kingdom_12_lady_2_pl|Хеледд
trp_kingdom_12_lady_3|Ффевер
trp_kingdom_12_lady_3_pl|Ффевер
trp_kingdom_12_lady_4|Медлан
trp_kingdom_12_lady_4_pl|Медлан
trp_kingdom_13_lady_1|Риан Кенфрид
trp_kingdom_13_lady_1_pl|Кенфрид
trp_kingdom_13_lady_2|Меддвил
trp_kingdom_13_lady_2_pl|Меддвил
trp_kingdom_13_lady_3|Гвладус
trp_kingdom_13_lady_3_pl|Гвладус
trp_kingdom_14_lady_1|Муирен
trp_kingdom_14_lady_1_pl|Муирен
trp_kingdom_14_lady_2|Медб
trp_kingdom_14_lady_2_pl|Медб
trp_kingdom_14_lady_3|Креид
trp_kingdom_14_lady_3_pl|Креид
trp_kingdom_14_lady_4|Дербфогаил
trp_kingdom_14_lady_4_pl|Дербфогаил
trp_kingdom_15_lady_1|Мхари
trp_kingdom_15_lady_1_pl|Мхари
trp_kingdom_15_lady_2|Малл
trp_kingdom_15_lady_2_pl|Маллу
trp_kingdom_15_lady_3|Теглаиг
trp_kingdom_15_lady_3_pl|Теглаиг
trp_kingdom_15_lady_4|Ласса
trp_kingdom_15_lady_4_pl|Лассу
trp_kingdom_16_lady_1|Кас
trp_kingdom_16_lady_1_pl|Кас
trp_kingdom_16_lady_2|Лассаир
trp_kingdom_16_lady_2_pl|Лассаир
trp_kingdom_16_lady_3|Дуинсеч
trp_kingdom_16_lady_3_pl|Дуинсеч
trp_kingdom_16_lady_4|Ева
trp_kingdom_16_lady_4_pl|Ева
trp_kingdom_16_lady_5|Доиренд
trp_kingdom_16_lady_5_pl|Доиренд
trp_kingdom_16_lady_6|Делбчаем
trp_kingdom_16_lady_6_pl|Делбчаем
trp_kingdom_17_lady_1|Саелфилд
trp_kingdom_17_lady_1_pl|Саелфилд
trp_kingdom_17_lady_2|Бриана
trp_kingdom_17_lady_2_pl|Бриану
trp_kingdom_17_lady_3|Бинне
trp_kingdom_17_lady_3_pl|Бинне
trp_kingdom_17_lady_4|Ивен
trp_kingdom_17_lady_4_pl|Ивен
trp_kingdom_17_lady_5|Эднайт
trp_kingdom_17_lady_5_pl|Эднайт
trp_kingdom_17_lady_6|Алму
trp_kingdom_17_lady_6_pl|Амлу
trp_kingdom_18_lady_1|Федельм
trp_kingdom_18_lady_1_pl|Федельм
trp_kingdom_18_lady_2|Усела
trp_kingdom_18_lady_2_pl|Усела
trp_kingdom_18_lady_3|Кондадил
trp_kingdom_18_lady_3_pl|Кондадил
trp_kingdom_18_lady_4|Фланесда
trp_kingdom_18_lady_4_pl|Фланесда
trp_kingdom_18_lady_5|Мор
trp_kingdom_18_lady_5_pl|Мору
trp_kingdom_18_lady_6|Аин
trp_kingdom_18_lady_6_pl|Аин
trp_kingdom_19_lady_1|Муире инген Кинаеда
trp_kingdom_19_lady_1_pl|Муире
trp_kingdom_19_lady_2|Гомлех
trp_kingdom_19_lady_2_pl|Гомлех
trp_kingdom_19_lady_3|Этне
trp_kingdom_19_lady_3_pl|Этне
trp_kingdom_19_lady_4|Ланн
trp_kingdom_19_lady_4_pl|Ланну
trp_kingdom_19_lady_5|Этеин
trp_kingdom_19_lady_5_pl|Этеин
trp_kingdom_20_lady_1|Колуйм
trp_kingdom_20_lady_1_pl|Колуйм
trp_kingdom_20_lady_2|Садха
trp_kingdom_20_lady_2_pl|Садха
trp_kingdom_20_lady_3|Инген Бруде
trp_kingdom_20_lady_3_pl|Инген Бруде
trp_kingdom_20_lady_4|Инген Домлейх
trp_kingdom_20_lady_4_pl|Инген Домлейх
trp_kingdom_20_lady_5|Инген Гвидда
trp_kingdom_20_lady_5_pl|Инген Гвидда
trp_kingdom_20_lady_6|Бридей
trp_kingdom_20_lady_6_pl|Бридей
trp_kingdom_20_lady_7|Муире
trp_kingdom_20_lady_7_pl|Муире
trp_kingdom_21_lady_1|Айдин
trp_kingdom_21_lady_1_pl|Айдину
trp_kingdom_21_lady_2|Этна
trp_kingdom_21_lady_2_pl|Этну
trp_town_1_seneschal|Летописец Норманн
trp_town_1_seneschal_pl|Летописец
trp_town_2_seneschal|Летописец Бритт
trp_town_2_seneschal_pl|Летописец
trp_town_3_seneschal|Летописец Кельт
trp_town_3_seneschal_pl|Летописец
trp_town_4_seneschal|Летописец Англ
trp_town_4_seneschal_pl|Летописец
trp_town_25_seneschal|Маэл Бресаил
trp_castle_1_seneschal|Управляющий форта
trp_castle_2_seneschal|Управляющий форта
trp_castle_3_seneschal|Управляющий форта
trp_castle_4_seneschal|Управляющий форта
trp_castle_5_seneschal|Управляющий форта
trp_castle_6_seneschal|Управляющий форта
trp_castle_7_seneschal|Управляющий форта
trp_castle_8_seneschal|Управляющий форта
trp_castle_9_seneschal|Управляющий форта
trp_castle_10_seneschal|Управляющий форта
trp_castle_11_seneschal|Управляющий форта
trp_castle_12_seneschal|Управляющий форта
trp_castle_13_seneschal|Управляющий форта
trp_castle_14_seneschal|Управляющий форта
trp_castle_15_seneschal|Управляющий форта
trp_castle_16_seneschal|Управляющий форта
trp_castle_17_seneschal|Управляющий форта
trp_castle_18_seneschal|Управляющий форта
trp_castle_19_seneschal|Управляющий форта
trp_castle_20_seneschal|Управляющий форта
trp_castle_21_seneschal|Управляющий форта
trp_castle_22_seneschal|Управляющий форта
trp_castle_23_seneschal|Управляющий форта
trp_castle_24_seneschal|Управляющий форта
trp_castle_25_seneschal|Управляющий форта
trp_castle_26_seneschal|Управляющий форта
trp_castle_27_seneschal|Управляющий форта
trp_castle_28_seneschal|Управляющий форта
trp_castle_29_seneschal|Управляющий форта
trp_castle_30_seneschal|Управляющий форта
trp_castle_31_seneschal|Управляющий форта
trp_castle_32_seneschal|Управляющий форта
trp_castle_33_seneschal|Управляющий форта
trp_castle_34_seneschal|Управляющий форта
trp_castle_35_seneschal|Управляющий форта
trp_castle_36_seneschal|Управляющий форта
trp_castle_37_seneschal|Управляющий форта
trp_castle_38_seneschal|Управляющий форта
trp_castle_39_seneschal|Управляющий форта
trp_castle_40_seneschal|Управляющий форта
trp_castle_41_seneschal|Управляющий форта
trp_castle_42_seneschal|Управляющий форта
trp_castle_43_seneschal|Управляющий форта
trp_castle_44_seneschal|Управляющий форта
trp_castle_45_seneschal|Управляющий форта
trp_castle_46_seneschal|Управляющий форта
trp_castle_47_seneschal|Управляющий форта
trp_castle_48_seneschal|Управляющий форта
trp_castle_49_seneschal|Управляющий форта
trp_castle_50_seneschal|Управляющий форта
trp_castle_51_seneschal|Управляющий форта
trp_castle_52_seneschal|Управляющий форта
trp_castle_53_seneschal|Управляющий форта
trp_castle_54_seneschal|Управляющий форта
trp_castle_55_seneschal|Управляющий форта
trp_castle_56_seneschal|Управляющий форта
trp_castle_57_seneschal|Управляющий форта
trp_castle_58_seneschal|Управляющий форта
trp_castle_59_seneschal|Управляющий форта
trp_castle_60_seneschal|Управляющий форта
trp_castle_61_seneschal|Управляющий форта
trp_castle_62_seneschal|Управляющий форта
trp_castle_63_seneschal|Управляющий форта
trp_castle_64_seneschal|Управляющий форта
trp_castle_65_seneschal|Управляющий форта
trp_castle_66_seneschal|Управляющий форта
trp_castle_67_seneschal|Управляющий форта
trp_castle_68_seneschal|Управляющий форта
trp_castle_69_seneschal|Управляющий форта
trp_castle_70_seneschal|Управляющий форта
trp_castle_71_seneschal|Управляющий форта
trp_castle_72_seneschal|Управляющий форта
trp_castle_73_seneschal|Управляющий форта
trp_castle_74_seneschal|Управляющий форта
trp_castle_75_seneschal|Управляющий форта
trp_castle_76_seneschal|Управляющий форта
trp_castle_77_seneschal|Управляющий форта
trp_castle_78_seneschal|Управляющий форта
trp_castle_79_seneschal|Управляющий форта
trp_castle_80_seneschal|Управляющий форта
trp_castle_81_seneschal|Управляющий форта
trp_castle_82_seneschal|Управляющий форта
trp_castle_83_seneschal|Управляющий форта
trp_castle_84_seneschal|Управляющий форта
trp_castle_85_seneschal|Управляющий форта
trp_castle_86_seneschal|Управляющий форта
trp_castle_87_seneschal|Управляющий форта
trp_castle_88_seneschal|Управляющий форта
trp_castle_89_seneschal|Управляющий форта
trp_castle_90_seneschal|Управляющий форта
trp_castle_91_seneschal|Управляющий форта
trp_town_1_arena_master|Распорядитель турнира
trp_town_2_arena_master|Распорядитель турнира
trp_town_3_arena_master|Распорядитель турнира
trp_town_4_arena_master|Распорядитель турнира
trp_town_5_arena_master|Распорядитель турнира
trp_town_6_arena_master|Распорядитель турнира
trp_town_7_arena_master|Распорядитель турнира
trp_town_8_arena_master|Распорядитель турнира
trp_town_9_arena_master|Распорядитель турнира
trp_town_10_arena_master|Распорядитель турнира
trp_town_11_arena_master|Распорядитель турнира
trp_town_12_arena_master|Распорядитель турнира
trp_town_13_arena_master|Распорядитель турнира
trp_town_14_arena_master|Распорядитель турнира
trp_town_15_arena_master|Распорядитель турнира
trp_town_16_arena_master|Распорядитель турнира
trp_town_17_arena_master|Распорядитель турнира
trp_town_18_arena_master|Распорядитель турнира
trp_town_19_arena_master|Распорядитель турнира
trp_town_20_arena_master|Распорядитель турнира
trp_town_21_arena_master|Распорядитель турнира
trp_town_22_arena_master|Распорядитель турнира
trp_town_23_arena_master|Распорядитель турнира
trp_town_24_arena_master|Распорядитель турнира
trp_town_25_arena_master|Распорядитель турнира
trp_town_26_arena_master|Распорядитель турнира
trp_town_27_arena_master|Распорядитель турнира
trp_town_28_arena_master|Распорядитель турнира
trp_town_29_arena_master|Распорядитель турнира
trp_town_1_armorer|Бронник 
trp_town_2_armorer|Бронник 
trp_town_3_armorer|Бронник 
trp_town_4_armorer|Бронник 
trp_town_5_armorer|Бронник 
trp_town_6_armorer|Бронник 
trp_town_7_armorer|Бронник 
trp_town_8_armorer|Бронник 
trp_town_9_armorer|Бронник 
trp_town_10_armorer|Бронник 
trp_town_11_armorer|Бронник 
trp_town_12_armorer|Бронник 
trp_town_13_armorer|Бронник 
trp_town_14_armorer|Эдвин Бронник
trp_town_15_armorer|Доннчадх Бронник 
trp_town_16_armorer|Паега Бронник
trp_town_17_armorer|Лифрис Бронник
trp_town_18_armorer|Феарчаир Бронник 
trp_town_19_armorer|Бронник 
trp_town_20_armorer|Бронник 
trp_town_21_armorer|Бронник 
trp_town_22_armorer|Бронник 
trp_town_23_armorer|Бронник 
trp_town_24_armorer|Бронник 
trp_town_25_armorer|Бронник 
trp_town_26_armorer|Бронник 
trp_town_27_armorer|Бронник 
trp_town_28_armorer|Бронник 
trp_town_29_armorer|Бронник 
trp_town_30_armorer|Инглери
trp_town_1_weaponsmith|Оружейник
trp_town_2_weaponsmith|Оружейник
trp_town_3_weaponsmith|Оружейник
trp_town_4_weaponsmith|Оружейник
trp_town_5_weaponsmith|Атли Оружейник 
trp_town_6_weaponsmith|Харенбили Оружейник
trp_town_7_weaponsmith|Эгил Оружейник
trp_town_8_weaponsmith|Годгуфу Оружейник
trp_town_9_weaponsmith|Уормуин Оружейник
trp_town_10_weaponsmith|Оружейник
trp_town_11_weaponsmith|Оружейник
trp_town_12_weaponsmith|Оружейник
trp_town_13_weaponsmith|Оружейник
trp_town_14_weaponsmith|Оружейник
trp_town_15_weaponsmith|Оружейник
trp_town_16_weaponsmith|Оружейник
trp_town_17_weaponsmith|Оружейник
trp_town_18_weaponsmith|Оружейник
trp_town_19_weaponsmith|Оружейник
trp_town_20_weaponsmith|Оружейник
trp_town_21_weaponsmith|Оружейник
trp_town_22_weaponsmith|Оружейник
trp_town_23_weaponsmith|Оружейник
trp_town_24_weaponsmith|Оружейник
trp_town_25_weaponsmith|Оружейник
trp_town_26_weaponsmith|Оружейник
trp_town_27_weaponsmith|Оружейник
trp_town_28_weaponsmith|Оружейник
trp_town_29_weaponsmith|Оружейник
trp_town_30_weaponsmith|Ульфберт
trp_town_31_weaponsmith|Веланд
trp_town_1_tavernkeeper|Хозяин медового зала
trp_town_2_tavernkeeper|Хозяин медового зала
trp_town_3_tavernkeeper|Хозяйка медового зала
trp_town_4_tavernkeeper|Хозяин медового зала
trp_town_5_tavernkeeper|Хозяин медового зала
trp_town_6_tavernkeeper|Хозяйка медового зала
trp_town_7_tavernkeeper|Хозяйка медового зала
trp_town_8_tavernkeeper|Хозяин медового зала
trp_town_9_tavernkeeper|Хозяйка медового зала
trp_town_10_tavernkeeper|Хозяйка медового зала
trp_town_11_tavernkeeper|Хозяйка медового зала
trp_town_12_tavernkeeper|Хозяин медового зала
trp_town_13_tavernkeeper|Хозяйка медового зала
trp_town_14_tavernkeeper|Хозяин медового зала
trp_town_15_tavernkeeper|Хозяйка медового зала
trp_town_16_tavernkeeper|Хозяин медового зала
trp_town_17_tavernkeeper|Хозяйка медового зала
trp_town_18_tavernkeeper|Хозяин медового зала
trp_town_19_tavernkeeper|Хозяйка медового зала
trp_town_20_tavernkeeper|Хозяин медового зала
trp_town_21_tavernkeeper|Хозяйка медового зала
trp_town_22_tavernkeeper|Хозяин медового зала
trp_town_23_tavernkeeper|Хозяйка медового зала
trp_town_24_tavernkeeper|Хозяин медового зала
trp_town_25_tavernkeeper|Хозяин медового зала
trp_town_26_tavernkeeper|Хозяйка медового зала
trp_town_27_tavernkeeper|Хозяйка медового зала
trp_town_28_tavernkeeper|Хозяин медового зала
trp_town_29_tavernkeeper|Хозяйка медового зала
trp_town_30_tavernkeeper|Кассий
trp_town_1_merchant|Торговец
trp_town_2_merchant|Торговец
trp_town_3_merchant|Торговка
trp_town_4_merchant|Торговец
trp_town_5_merchant|Торговец
trp_town_6_merchant|Торговка
trp_town_7_merchant|Хогни
trp_town_8_merchant|Торговец
trp_town_9_merchant|Торговец
trp_town_10_merchant|Торговец
trp_town_11_merchant|Адда
trp_town_12_merchant|Торговка
trp_town_13_merchant|Торговка
trp_town_14_merchant|Торговец
trp_town_15_merchant|Торговец
trp_town_16_merchant|Торговка
trp_town_17_merchant|Торговка
trp_town_18_merchant|Торговец
trp_town_19_merchant|Торговец
trp_town_20_merchant|Торговка
trp_town_21_merchant|Торговка
trp_town_22_merchant|Торговец
trp_town_23_merchant|Торговец
trp_town_24_merchant|Торговец
trp_town_25_merchant|Торговец
trp_town_26_merchant|Торговец
trp_town_27_merchant|Торговец
trp_town_28_merchant|Торговец
trp_town_29_merchant|Торговец
trp_salt_mine_merchant|Аэрон ап Гарет
trp_salt_mine_merchant_pl|Аэрон ап Гарет
trp_town_1_horse_merchant|Торговец лошадьми
trp_town_2_horse_merchant|Торговец лошадьми
trp_town_3_horse_merchant|Торговец лошадьми
trp_town_4_horse_merchant|Торговец лошадьми
trp_town_5_horse_merchant|Торговец лошадьми
trp_town_6_horse_merchant|Торговец лошадьми
trp_town_7_horse_merchant|Торговец лошадьми
trp_town_8_horse_merchant|Торговец лошадьми
trp_town_9_horse_merchant|Торговец лошадьми
trp_town_10_horse_merchant|Торговец лошадьми
trp_town_11_horse_merchant|Торговец лошадьми
trp_town_12_horse_merchant|Торговец лошадьми
trp_town_13_horse_merchant|Торговец лошадьми
trp_town_14_horse_merchant|Торговец лошадьми
trp_town_15_horse_merchant|Торговец лошадьми
trp_town_16_horse_merchant|Торговец лошадьми
trp_town_17_horse_merchant|Торговец лошадьми
trp_town_18_horse_merchant|Торговец лошадьми
trp_town_19_horse_merchant|Торговец лошадьми
trp_town_20_horse_merchant|Торговец лошадьми
trp_town_21_horse_merchant|Торговец лошадьми
trp_town_22_horse_merchant|Торговец лошадьми
trp_town_23_horse_merchant|Торговец лошадьми
trp_town_24_horse_merchant|Торговец лошадьми
trp_town_25_horse_merchant|Торговец лошадьми
trp_town_26_horse_merchant|Торговец лошадьми
trp_town_27_horse_merchant|Торговец лошадьми
trp_town_28_horse_merchant|Торговец лошадьми
trp_town_29_horse_merchant|Торговец лошадьми
trp_town_1_mayor|Гильдмастер
trp_town_2_mayor|Гильдмастер
trp_town_3_mayor|Гильдмастер
trp_town_4_mayor|Халлвад
trp_town_5_mayor|Гильдмастер
trp_town_6_mayor|Гильдмастер
trp_town_7_mayor|Гильдмастер
trp_town_8_mayor|Гильдмастер
trp_town_9_mayor|Гильдмастер
trp_town_10_mayor|Гильдмастер
trp_town_11_mayor|Гильдмастер
trp_town_12_mayor|Гильдмастер
trp_town_13_mayor|Гильдмастер
trp_town_14_mayor|Гильдмастер
trp_town_15_mayor|Гильдмастер
trp_town_16_mayor|Гильдмастер
trp_town_17_mayor|Гильдмастер
trp_town_18_mayor|Гильдмастер
trp_town_19_mayor|Гильдмастер
trp_town_20_mayor|Гильдмастер
trp_town_21_mayor|Гильдмастер
trp_town_22_mayor|Доннгал
trp_town_23_mayor|Гильдмастер
trp_town_24_mayor|Гильдмастер
trp_town_25_mayor|Гильдмастер
trp_town_26_mayor|Гильдмастер
trp_town_27_mayor|Гильдмастер
trp_town_28_mayor|Гильдмастер
trp_town_29_mayor|Гильдмастер
trp_village_1_elder|Старейшина
trp_village_2_elder|Старейшина
trp_village_3_elder|Старейшина
trp_village_4_elder|Старейшина
trp_village_5_elder|Старейшина
trp_village_6_elder|Старейшина
trp_village_7_elder|Старейшина
trp_village_8_elder|Старейшина
trp_village_9_elder|Старейшина
trp_village_10_elder|Старейшина
trp_village_11_elder|Старейшина
trp_village_12_elder|Старейшина
trp_village_13_elder|Старейшина
trp_village_14_elder|Старейшина
trp_village_15_elder|Старейшина
trp_village_16_elder|Старейшина
trp_village_17_elder|Старейшина
trp_village_18_elder|Старейшина
trp_village_19_elder|Старейшина
trp_village_20_elder|Старейшина
trp_village_21_elder|Старейшина
trp_village_22_elder|Старейшина
trp_village_23_elder|Старейшина
trp_village_24_elder|Старейшина
trp_village_25_elder|Старейшина
trp_village_26_elder|Старейшина
trp_village_27_elder|Старейшина
trp_village_28_elder| Годива Старейшина
trp_village_29_elder|Старейшина
trp_village_30_elder|Старейшина
trp_village_31_elder|Старейшина
trp_village_32_elder|Старейшина
trp_village_33_elder|Старейшина
trp_village_34_elder|Старейшина
trp_village_35_elder|Старейшина
trp_village_36_elder|Старейшина
trp_village_37_elder|Старейшина
trp_village_38_elder|Старейшина
trp_village_39_elder|Старейшина
trp_village_40_elder|Старейшина
trp_village_41_elder|Старейшина
trp_village_42_elder|Старейшина
trp_village_43_elder|Старейшина
trp_village_44_elder|Старейшина
trp_village_45_elder|Старейшина
trp_village_46_elder|Старейшина
trp_village_47_elder|Старейшина
trp_village_48_elder|Старейшина
trp_village_49_elder|Старейшина
trp_village_50_elder|Старейшина
trp_village_51_elder|Старейшина
trp_village_52_elder|Старейшина
trp_village_53_elder|Вигмунд Старейшина
trp_village_54_elder|Старейшина
trp_village_55_elder|Старейшина
trp_village_56_elder|Старейшина
trp_village_57_elder|Старейшина
trp_village_58_elder|Старейшина
trp_village_59_elder|Старейшина
trp_village_60_elder|Старейшина
trp_village_61_elder|Старейшина
trp_village_62_elder|Старейшина
trp_village_63_elder|Старейшина
trp_village_64_elder|Старейшина
trp_village_65_elder|Старейшина
trp_village_66_elder|Пур Старейшина
trp_village_67_elder|Старейшина
trp_village_68_elder|Старейшина
trp_village_69_elder|Старейшина
trp_village_70_elder|Старейшина
trp_village_71_elder|Старейшина
trp_village_72_elder|Старейшина
trp_village_73_elder|Старейшина
trp_village_74_elder|Старейшина
trp_village_75_elder|Старейшина
trp_village_76_elder|Старейшина
trp_village_77_elder|Старейшина
trp_village_78_elder|Калиакас
trp_village_79_elder|Старейшина
trp_village_80_elder|Старейшина
trp_village_81_elder|Старейшина
trp_village_82_elder|Эсце Старейшина
trp_village_83_elder|Старейшина
trp_village_84_elder|Старейшина
trp_village_85_elder|Старейшина
trp_village_86_elder|Старейшина
trp_village_87_elder|Старейшина
trp_village_88_elder|Старейшина
trp_village_89_elder|Старейшина
trp_village_90_elder|Старейшина
trp_village_91_elder|Старейшина
trp_village_92_elder|Старейшина
trp_village_93_elder|Старейшина
trp_village_94_elder|Старейшина
trp_village_95_elder|Старейшина
trp_village_96_elder|Старейшина
trp_village_97_elder|Старейшина
trp_village_98_elder|Староста Ингольф
trp_village_99_elder|Староста Олейф
trp_village_100_elder|Старейшина
trp_village_101_elder|Старейшина
trp_village_102_elder|Старейшина
trp_village_103_elder|Старейшина
trp_village_104_elder|Старейшина
trp_village_105_elder|Старейшина
trp_village_106_elder|Старейшина
trp_village_107_elder|Старейшина
trp_village_108_elder|Старейшина
trp_village_109_elder|Старейшина
trp_village_110_elder|Старейшина
trp_village_111_elder|Старейшина
trp_village_112_elder|Старейшина
trp_village_113_elder|Старейшина
trp_village_114_elder|Старейшина
trp_village_115_elder|Старейшина
trp_village_116_elder|Старейшина
trp_village_117_elder|Старейшина
trp_village_118_elder|Старейшина
trp_village_119_elder|Старейшина
trp_village_120_elder|Старейшина
trp_village_121_elder|Старейшина
trp_village_122_elder|Старейшина
trp_village_123_elder|Старейшина
trp_village_124_elder|Старейшина
trp_village_125_elder|Старейшина
trp_village_126_elder|Старейшина
trp_village_127_elder|Старейшина
trp_village_128_elder|Старейшина
trp_village_129_elder|Старейшина
trp_village_130_elder|Старейшина
trp_village_131_elder|Старейшина
trp_village_132_elder|Старейшина
trp_village_133_elder|Старейшина
trp_village_134_elder|Старейшина
trp_village_135_elder|Старейшина
trp_village_136_elder|Старейшина
trp_village_137_elder|Старейшина
trp_village_138_elder|Старейшина
trp_village_139_elder|Старейшина
trp_village_140_elder|Старейшина
trp_village_141_elder|Старейшина
trp_village_142_elder|Старейшина
trp_village_143_elder|Старейшина
trp_village_144_elder|Старейшина
trp_village_145_elder|Старейшина
trp_village_146_elder|Старейшина
trp_village_147_elder|Старейшина
trp_village_148_elder|Старейшина
trp_village_149_elder|Старейшина
trp_village_150_elder|Старейшина
trp_monje_mercader|Монах торговец
trp_monje_mercader_pl|Монахов торговцев
trp_merchants_end|купцы конец
trp_merchants_end_pl|купцы конец
trp_town_1_healer|Лекарь
trp_town_2_healer|Лекарь
trp_town_3_healer|Лекарь
trp_town_4_healer|Лекарь
trp_town_5_healer|Лекарь
trp_town_6_healer|Лекарь
trp_town_7_healer|Лекарь
trp_town_8_healer|Лекарь
trp_town_9_healer|Лекарь
trp_town_10_healer|Лекарь
trp_town_11_healer|Лекарь
trp_town_12_healer|Лекарь
trp_town_13_healer|Лекарь
trp_town_14_healer|Лекарь
trp_town_15_healer|Лекарь
trp_town_16_healer|Лекарь
trp_town_17_healer|Лекарь
trp_town_18_healer|Лекарь
trp_town_19_healer|Лекарь
trp_town_20_healer|Лекарь
trp_town_21_healer|Лекарь
trp_town_22_healer|Лекарь
trp_town_23_healer|Лекарь
trp_town_24_healer|Лекарь
trp_town_25_healer|Лекарь
trp_town_26_healer|Лекарь
trp_town_27_healer|Лекарь
trp_town_28_healer|Лекарь
trp_town_29_healer|Лекарь
trp_town_30_healer|Лекарь
trp_healer_end|healer end
trp_town_1_shipwright|Корабельщик
trp_town_2_shipwright|Корабельщик
trp_town_3_shipwright|Корабельщик
trp_port_chief|Глава порта
trp_port_chief_pl|Глава порта
trp_town_5_shipwright|Калле Корабельщик
trp_town_6_shipwright|Корабельщик
trp_town_7_shipwright|Корабельщик
trp_town_8_shipwright|Корабельщик
trp_town_9_shipwright|Корабельщик
trp_town_10_shipwright|Корабельщик
trp_town_11_shipwright|Корабельщик
trp_town_12_shipwright|Корабельщик
trp_town_13_shipwright|Корабельщик
trp_town_14_shipwright|Корабельщик
trp_town_15_shipwright|Корабельщик
trp_town_16_shipwright|Корабельщик
trp_town_17_shipwright|Корабельщик
trp_town_18_shipwright|Корабельщик
trp_town_19_shipwright|Корабельщик
trp_town_20_shipwright|Корабельщик
trp_town_21_shipwright|Корабельщик
trp_town_22_shipwright|Корабельщик
trp_town_23_shipwright|Корабельщик
trp_town_24_shipwright|Кораблестроитель
trp_town_25_shipwright|Корабельщик
trp_town_26_shipwright|Корабельщик
trp_town_27_shipwright|Корабельщик
trp_town_28_shipwright|Корабельщик
trp_town_29_shipwright|Корабельщик
trp_shipwright_end|Кабан
trp_shipwright_end_pl|Кабанов
trp_town_1_master_craftsman|Ремесленник
trp_town_2_master_craftsman|Ремесленник
trp_town_3_master_craftsman|Ремесленник
trp_town_4_master_craftsman|Ремесленник
trp_town_5_master_craftsman|Ремесленник
trp_town_6_master_craftsman|Ремесленник
trp_town_7_master_craftsman|Ремесленник
trp_town_8_master_craftsman|Ремесленник
trp_town_9_master_craftsman|Ремесленник
trp_town_10_master_craftsman|Ремесленник
trp_town_11_master_craftsman|Ремесленник
trp_town_12_master_craftsman|Ремесленник
trp_town_13_master_craftsman|Ремесленник
trp_town_14_master_craftsman|Ремесленник
trp_town_15_master_craftsman|Ремесленник
trp_town_16_master_craftsman|Ремесленник
trp_town_17_master_craftsman|Ремесленник
trp_town_18_master_craftsman|Ремесленник
trp_town_19_master_craftsman|Ремесленник
trp_town_20_master_craftsman|Ремесленник
trp_town_21_master_craftsman|Ремесленник
trp_town_22_master_craftsman|Ремесленник
trp_town_23_master_craftsman|Ремесленник
trp_town_24_master_craftsman|Ремесленник
trp_town_25_master_craftsman|Ремесленник
trp_town_26_master_craftsman|Ремесленник
trp_town_27_master_craftsman|Ремесленник
trp_town_28_master_craftsman|Ремесленник
trp_town_29_master_craftsman|Ремесленник
trp_local_merchant|Местный торговец 
trp_local_merchant_pl|Местных торговцев
trp_tax_rebel|Крестьянин мятежник
trp_tax_rebel_pl|Крестьян мятежников
trp_trainee_peasant|Крестьянин
trp_trainee_peasant_pl|Крестьянин
trp_fugitive|Подозрительный мужчина
trp_fugitive_pl|Подозрительный мужчина
trp_belligerent_drunk|Драчливый пьянчуга
trp_belligerent_drunk_pl|Драчливый пьянчуга
trp_hired_assassin|Наемный убийца
trp_hired_assassin_pl|Наемный убийца
trp_fight_promoter|Грубиян
trp_fight_promoter_pl|Грубиян
trp_spy|Обычный горожанин
trp_spy_pl|Обычных горожан
trp_spy_partner|Обыкновенный горожанин
trp_spy_partner_pl|Обыкновенных горожан
trp_camp_armory|Оружейная лагеря
trp_camp_armory_pl|Оружейная лагеря
trp_nurse_for_lady|Нянька
trp_nurse_for_lady_pl|Няньки
trp_temporary_minister|Советник
trp_temporary_minister_pl|Советник
trp_norse_multiplayer|Хирдман
trp_norse_multiplayer_pl|Хирдман
trp_saxon_multiplayer|Генит
trp_saxon_multiplayer_pl|Генит
trp_angle_multiplayer|Генит
trp_angle_multiplayer_pl|Генит
trp_briton_multiplayer|Солдат
trp_briton_multiplayer_pl|Солдат
trp_irish_multiplayer|Клэтхер
trp_irish_multiplayer_pl|Клэтхер
trp_scotch_multiplayer|Бруде
trp_scotch_multiplayer_pl|Бруде
trp_norse_capitan|Херсир
trp_norse_capitan_pl|Херсиров 
trp_norse_elite|Хускарл 
trp_norse_elite_pl|Хускарлов
trp_saxon_capitan|Тэн
trp_saxon_capitan_pl|Тэнов
trp_saxon_elite|Хертверу
trp_saxon_elite_pl|Хертверов
trp_angle_capitan|Тэн
trp_angle_capitan_pl|Тэнов
trp_angle_elite|Хертверу
trp_angle_elite_pl|Хертверов
trp_briton_capitan|Учелур 
trp_briton_capitan_pl|Учелуров 
trp_briton_elite|Кампивр
trp_briton_elite_pl|Кампивров
trp_irish_capitan|Эир
trp_irish_capitan_pl|Эиров
trp_irish_elite|Дийсбард
trp_irish_elite_pl|Дийсбардов
trp_scotch_capitan|Тойсех
trp_scotch_capitan_pl|Тойсехов
trp_scotch_elite|Гасгид 
trp_scotch_elite_pl|Гасгидов 
trp_nurse|Нянька
trp_quick_battle_troop_1|Бодо Кантабрианец 
trp_quick_battle_troop_1_pl|Бодо Кантабрианец 
trp_quick_battle_troop_2|Свен Бычья Шея
trp_quick_battle_troop_2_pl|Свен Бычья Шея
trp_quick_battle_troop_3|Кербалл мак Дунлайнге
trp_quick_battle_troop_3_pl|Кербалл мак Дунлайнге
trp_quick_battle_troop_4|Арторий
trp_quick_battle_troop_4_pl|Арторий
trp_quick_battle_troop_5|Кеннет
trp_quick_battle_troop_5_pl|Кеннет
trp_quick_battle_troop_6|Освальд
trp_quick_battle_troop_6_pl|Освальд
trp_quick_battle_troop_7|Хильд
trp_quick_battle_troop_7_pl|Хильд
trp_quick_battle_troops_cam|Камера
trp_quick_battle_troops_cam_pl|Камера
trp_tutorial_fighter_1|Новобранец
trp_tutorial_fighter_1_pl|Бойцов
trp_tutorial_fighter_2|Новобранец
trp_tutorial_fighter_2_pl|Бойцов
trp_tutorial_fighter_3|Регулярный боец
trp_tutorial_fighter_3_pl|Бойцов
trp_tutorial_fighter_4|Ветеран
trp_tutorial_fighter_4_pl|Бойцов
trp_tutorial_archer_1|Лучник
trp_tutorial_archer_1_pl|Лучников
trp_tutorial_master_archer|Тренер лучников
trp_tutorial_master_archer_pl|Тренер лучников
trp_tutorial_rider_1|Всадник
trp_tutorial_rider_2|Наездников
trp_tutorial_master_horseman|Тренер верховой езды
trp_tutorial_master_horseman_pl|Тренер верховой езды
trp_swadian_merchant|Торговец
trp_vaegir_merchant|Торговец
trp_khergit_merchant|Торговец
trp_nord_merchant|Целитель
trp_rhodok_merchant|Торговец
trp_sarranid_merchant|Торговец
trp_startup_merchants_end|startup merchants end
trp_startup_merchants_end_pl|startup merchants end
trp_old_hero_boargrove|Старый герой
trp_old_hero_boargrove_pl|Старый герой
trp_sea_raider_leader|Берсерк
trp_sea_raider_leader_pl|Берсерков
trp_looter_leader|Ульфхедин
trp_looter_leader_pl|Ульфхединов
trp_bandit_leaders_end|bandit leaders end
trp_bandit_leaders_end_pl|bandit leaders end
trp_relative_of_merchant|Капитан Астурии
trp_relative_of_merchants_end|relative of merchants end
trp_relative_of_merchants_end_pl|relative of merchants end
trp_sacerdote_lair|Священник Беда
trp_sacerdote_lair_pl|Священник
trp_pagano_lair|Годи Олафр
trp_pagano_lair_pl|Жрец
trp_bardo_lair|Бард Сиви
trp_bardo_lair_pl|Бард
trp_skald_lair|Скальд Браги
trp_skald_lair_pl|Бард
trp_quastuosa_lair1|Суабсех
trp_quastuosa_lair1_pl|дева
trp_quastuosa_lair2|Танка
trp_quastuosa_lair2_pl|дева
trp_quastuosa_lair3|Гулла
trp_quastuosa_lair3_pl|дева
trp_quastuosa_lair4|Эдга
trp_quastuosa_lair4_pl|дева
trp_lair_barber1|Аврелий
trp_lair_barber1_pl|Аврелий
trp_lair_barber2| Морган
trp_lair_barber2_pl| Морган
trp_lair_barber3|Александр
trp_lair_barber3_pl|Александр
trp_lair_barber4|Айлиль
trp_lair_barber4_pl|Айлиль
trp_cook_lair|Вамба
trp_cook_lair_pl|Повар
trp_lair_captain|Маркус
trp_lair_captain_pl|Капитан
trp_mule_troop|Жаба
trp_mule_troop_pl|Жаба
trp_leader_playerrf|Ветеран
trp_leader_playerrf_pl|Ветеран
trp_mountain_bandit_leader|Волк
trp_mountain_bandit_leader_pl|Волк
trp_last_druid|Друид
trp_last_druid_pl|Друид
trp_old_roman|Старый римлянин
trp_old_roman_pl|Старый римлянин
trp_sea_raider_hero2|Капитан герой
trp_sea_raider_hero2_pl|Капитан герой
trp_desert_bandit_hero|Король бандитов
trp_desert_bandit_hero_pl|Королей бандитов
trp_troll_bridge|Здоровяк
trp_troll_bridge_pl|Здоровяк
trp_elf_riddles|Коротышка
trp_elf_riddles_pl|Коротышка
trp_silo_gallaecia|Сило из Галлеции
trp_silo_gallaecia_pl|Сило из Галлеции
trp_petrus_didaz|Герцог Петро Дидаз
trp_petrus_didaz_pl|Герцог Петро из Овето
trp_gundinsalvo_cantabrian|Гундинсалво из Амайя
trp_gundinsalvo_cantabrian_pl|Гундинсалво из Амайя
trp_port_crew|Старый капитан
trp_port_crew_pl|Капитан
trp_port_pirate|Работорговец
trp_port_pirate_pl|Работорговцев
trp_fisher|Рыбак
trp_fisher_pl|Рыбаков
trp_thiaderd|Тиадерд
trp_thiaderd_pl|Тиадерд
trp_sea_raider_prisoner|Капитан корабля
trp_sea_raider_prisoner_pl|Капитанов
trp_doccinga_torturador|Палач
trp_doccinga_torturador_pl|Палачей
trp_leader_svenlair|Харальд
trp_leader_svenlair_pl|Капитан
trp_farmstead_prisoner|Пленник
trp_farmstead_prisoner_pl|Пленник
trp_sven_brother|Олвир Белоголовый
trp_sven_brother_pl|Олвир
trp_atli_eiriksson|Атли Эйрикссон
trp_atli_eiriksson_pl|Атли
trp_sven_bull_neck|Свен Бычья Шея
trp_sven_bull_neck_pl|Свен
trp_frisianship_merchant|Капитан
trp_sailors|Моряк Воден Рика
trp_sailors_pl|Моряков Воден Рика
trp_mercenary_arqueros|Наемный лучник
trp_mercenary_arqueros_pl|Наемных лучников
trp_bodo_falso|Бодо
trp_bodo_falso_pl|Бодо
trp_your_tutorialwife|Мама
trp_your_tutorialwife_pl|Мама
trp_your_motherold|Постаревшая мать
trp_your_motherold_pl|Постаревшая мать
trp_ulf_thefarmer|Ульф
trp_hija_granja|Тора
trp_hija_granja_pl|Тора
trp_orm_robagranjas|Орм Черный
trp_orm_robagranjas_pl|Орм Черный
trp_pagano|Годи Олафр
trp_pagano_pl|Жрец
trp_pseudo_troop_01|pt01
trp_pseudo_troop_01_pl|
trp_pseudo_troop_02|pt02
trp_pseudo_troop_02_pl|
trp_pseudo_troop_03|pt03
trp_pseudo_troop_03_pl|
trp_pseudo_troop_04|pt04
trp_pseudo_troop_04_pl|pt
trp_pseudo_troop_05|pt05
trp_pseudo_troop_05_pl|pt
trp_pseudo_troop_06|
trp_pseudo_troop_06_pl|pt
trp_pseudo_troop_07|pt07
trp_pseudo_troop_07_pl|pt
trp_pseudo_troop_08|pt08
trp_pseudo_troop_08_pl|pt
trp_pseudo_troop_09|pt09
trp_pseudo_troop_09_pl|pt
trp_pseudo_troop_end|Второй Наряд
trp_pseudo_troop_end_pl|псевдо войска конец
trp_the_snake|Змей
trp_the_snake_pl|Змей
trp_campeon_1|Аэд мак Айнмерех
trp_campeon_1_pl|Аэд мак Айнмерех
trp_campeon_2|Олчобар мак Кинаеда
trp_campeon_2_pl|Олчобар мак Кинаеда
trp_slave|Раб
trp_slave_pl|Рабов
trp_morrigan_npc|Морриган
trp_morrigan_npc_pl|Морриган
trp_dog|Собака
trp_dog_pl|Собаку
trp_caliacas_son|Бран мак Калиакас
trp_caliacas_son_pl|Бран мак Калиакас
trp_maelbresail_man|Фергус мак Кормейк
trp_maelbresail_man_pl|Фергус мак Кормейк
trp_maelbressail_nother|Мать Маела Бресаила
trp_maelbressail_nother_pl|Мать Маела Бресаила
trp_mp_norse_peasant|Крестьянин 
trp_mp_norse_peasant_pl|Крестьянин 
trp_mp_saxon_peasant|Крестьянин 
trp_mp_saxon_peasant_pl|Крестьянин 
trp_mp_angle_peasant|Крестьянин 
trp_mp_angle_peasant_pl|Крестьянин 
trp_mp_briton_peasant|Крестьянин 
trp_mp_briton_peasant_pl|Крестьянин 
trp_mp_irish_peasant|Крестьянин 
trp_mp_irish_peasant_pl|Крестьянин 
trp_mp_scotch_peasant|Крестьянин 
trp_mp_scotch_peasant_pl|Крестьянин 
trp_mp_norse_infantry|Пехотинец Норманн
trp_mp_norse_infantry_pl|
trp_mp_norse_archer|Лучник Норманн
trp_mp_norse_archer_pl|
trp_mp_norse_cavalry|Всадник Норманн
trp_mp_norse_cavalry_pl|
trp_mp_saxon_infantry|Пехотинец Сакс
trp_mp_saxon_infantry_pl|
trp_mp_saxon_archer|Лучник Сакс
trp_mp_saxon_archer_pl|
trp_mp_saxon_cavalry|Всадник Сакс
trp_mp_saxon_cavalry_pl|
trp_mp_angle_infantry|Пехотинец Англ
trp_mp_angle_infantry_pl|
trp_mp_angle_archer|Лучник Англ
trp_mp_angle_archer_pl|
trp_mp_angle_cavalry|Всадник Англ
trp_mp_angle_cavalry_pl|
trp_mp_briton_infantry|Пехотинец Бритт
trp_mp_briton_infantry_pl|
trp_mp_briton_archer|Лучник Бритт
trp_mp_briton_archer_pl|
trp_mp_briton_cavalry|Всадник Бритт
trp_mp_briton_cavalry_pl|
trp_mp_irish_infantry|Пехотинец Ирландец
trp_mp_irish_infantry_pl|
trp_mp_irish_archer|Лучник Ирландец
trp_mp_irish_archer_pl|
trp_mp_irish_cavalry|Всадник Ирландец
trp_mp_irish_cavalry_pl|
trp_mp_scotch_infantry|Пехотинец Пикт
trp_mp_scotch_infantry_pl|
trp_mp_scotch_archer|Лучник Пикт
trp_mp_scotch_archer_pl|
trp_mp_scotch_cavalry|Всадник Пикт
trp_mp_scotch_cavalry_pl|
trp_norse_peasant_ai|Вольник Норманн (Лейсинг)
trp_norse_peasant_ai_pl|Вольников Норманнов (Лейсингов)
trp_saxon_peasant_ai|Крестьянин Сакс (Гебур)
trp_saxon_peasant_ai_pl|Крестьян Саксов (Гебур)
trp_angle_peasant_ai|Крестьянин Англ (Гебур)
trp_angle_peasant_ai_pl|Крестьян Англов (Гебуров)
trp_briton_peasant_ai|Невольник Бритт (Аллт)
trp_briton_peasant_ai_pl|Невольников Бриттов (Аллтов)
trp_irish_peasant_ai|Раб Ирландец (Сенхлейт)
trp_irish_peasant_ai_pl|Рабов Ирландцев (Сенхлейтов)
trp_scotch_peasant_ai|Крестьянин Пикт (Бахлэх)
trp_scotch_peasant_ai_pl|Крестьян Пиктов (Бахлэхов)
trp_fake_berserker|Берсерк
trp_fake_berserker_pl|Берсерков
trp_copy_npc1|Кайо
trp_copy_npc1_pl|Кайо
trp_copy_npc2|Эгиль
trp_copy_npc2_pl|Эгиль
trp_copy_npc3|Брюнхильда
trp_copy_npc3_pl|Брюнхильда
trp_copy_npc4|Доннчад
trp_copy_npc4_pl|Доннчад
trp_copy_npc5|Морган
trp_copy_npc5_pl|Морган
trp_copy_npc6|Бодо
trp_copy_npc6_pl|Бодо
trp_copy_npc7|Дайвей
trp_copy_npc7_pl|Дайвей
trp_copy_npc8|Регинхард
trp_copy_npc8_pl|Регинхард
trp_copy_npc9|Кловис
trp_copy_npc9_pl|Кловис
trp_copy_npc10|Кевлин
trp_copy_npc10_pl|Кевлин
trp_copy_npc11|Солвейг
trp_copy_npc11_pl|Солвейг
trp_copy_npc12|Асбьёрн
trp_copy_npc12_pl|Асбьёрн
trp_copy_npc13|Хельги
trp_copy_npc13_pl|Хельги
trp_copy_npc14|Эйлчу
trp_copy_npc14_pl|Эйлчу
trp_copy_npc15|Агатинос
trp_copy_npc15_pl|Агатинос
trp_copy_npc16|Беда
trp_copy_npc16_pl|Беда